Title,Content,Date,Url,Summary
"Ngân hàng Nhà nước bung vàng bán đều, giá vàng giảm mỗi ngày","Giá vàng miếng SJC mỗi ngày giảm 1 triệu đồng/lượng Như vậy qua hai ngày Ngân hàng Nhà nước bán can thiệp, giá vàng đã giảm 2 triệu đồng/lượng. Ngay sau khi Ngân hàng Nhà nước phát giá, Công ty SJC và bốn ngân hàng đồng loạt công bố giá vàng bán ra hôm nay, 5-6, là 77,98 triệu đồng/lượng. So với giá vàng bán ra hôm qua, mức giá này giảm thêm 1 triệu đồng/lượng. Giá vàng mua vào ở mức 76,45 triệu đồng/lượng. Chênh lệch giá mua - bán vàng miếng SJC cũng giảm rất mạnh, xuống còn 1,5 triệu đồng/lượng. Mức giá mà bốn ngân hàng và SJC đưa ra cũng trở thành mức giá định hướng cho thị trường. Hôm nay, các tiệm vàng cũng hạ giá bán vàng miếng SJC về mức 77,98 triệu đồng/lượng. Tuy nhiên, giá vàng mua vào nhỉnh hơn, ở mức 76,8 triệu đồng/lượng. Giá vàng miếng chỉ cao hơn vàng nhẫn 3,08 triệu đồng/lượng Giá vàng trên thị trường ổn định dù giá vàng thế giới lên xuống trong biên độ rất rộng. Hôm qua có thời điểm giá vàng thế giới giảm hơn 30 USD/ounce, về dưới 2.320 USD/ounce. Đến đầu giờ chiều hôm nay, giá vàng thế giới bật tăng trở lại mức 2.336,6 USD/ounce. Quy đổi theo tỉ giá niêm yết tại ngân hàng, giá vàng thế giới tương đương 71,7 triệu đồng/lượng. Như vậy, hiện nay giá vàng Ngân hàng Nhà nước bán trực tiếp cao hơn giá vàng thế giới quy đổi 5,28 triệu đồng/lượng. Còn giá vàng bán cho người dân cao hơn giá vàng thế giới quy đổi 6,28 triệu đồng/lượng. Còn giá vàng nhẫn 9999 Công ty SJC đang bán ra là 74,9 triệu đồng/lượng. Như vậy từ chỗ chênh đến hơn 10 triệu đồng/lượng, hiện giá vàng miếng chỉ còn cao hơn giá vàng nhẫn 3,08 triệu đồng/lượng. Đây là mức chênh thấp kỷ lục trong suốt thời gian qua. Ngân hàng Nhà nước: Giá vàng còn giảm, người dân cần thận trọng Ông Đào Xuân Tuấn - vụ trưởng Vụ Quản lý ngoại hối (Ngân hàng Nhà nước) - cho biết phương án bán vàng trực tiếp cho 4 ngân hàng và SJC bước đầu đã nhận được sự quan tâm, đánh giá tích cực. ""Việc thu hẹp chênh lệch giữa giá vàng miếng SJC và quốc tế dẫn tới giá vàng có thể sẽ còn giảm trong thời gian tới. Vì vậy, người dân cần rất thận trọng khi mua vàng. Nhất là trong bối cảnh giá vàng thế giới đầy biến động như hiện nay"", ông Tuấn nhấn mạnh. Chiều 4-6, Chủ tịch UBND TP.HCM Phan Văn Mãi cũng yêu cầu Công ty SJC huy động năng lực. Từ đó đáp ứng yêu cầu sản xuất vàng miếng SJC của Ngân hàng Nhà nước với khối lượng lớn. Việc này nhằm phục vụ việc can thiệp bình ổn thị trường theo chỉ đạo của Chính phủ và Thủ tướng Chính phủ. Đồng thời tổ chức tốt hoạt động kinh doanh, đảm bảo hoạt động kinh doanh được thực hiện liên tục. ""Trong quá trình thực hiện, nếu phát sinh khó khăn, vướng mắc về kế hoạch tài chính, sản xuất kinh doanh, sản xuất vàng miếng SJC, kịp thời báo cáo UBND TP.HCM để được xem xét, chỉ đạo giải quyết"", văn bản nêu. Để cập nhật giá vàng mới nhất, mời bạn truy cập TẠI ĐÂY.",05/06/2024 14:06 GMT+7,https://tuoitre.vn/ngan-hang-nha-nuoc-bung-vang-ban-deu-gia-vang-giam-moi-ngay-20240605133634855.htm,"Giá vàng mà Ngân hàng Nhà nước bán trực tiếp cho bốn ngân hàng và Công ty SJC hôm nay giảm về mức 76,98 triệu đồng/lượng."
LPBank cùng Bộ Công an triển khai dịch vụ số trên ứng dụng VNeID,"LPBank và Trung tâm nghiên cứu, ứng dụng dữ liệu dân cư và Căn cước công dân (Trung tâm RAR) - Bộ Công an vừa ký kết thỏa thuận hợp tác hôm 4-6. Theo thỏa thuận, hai bên sẽ cùng phối hợp thực hiện trong nghiên cứu và ứng dụng các giải pháp công nghệ phục vụ triển khai Đề án 06 của Chính phủ phục vụ phát triển kinh tế - xã hội. Cụ thể, hai bên sẽ cùng phối hợp nghiên cứu, phát triển giải pháp, triển khai các sản phẩm, dịch vụ bao gồm xác thực - định danh điện tử (xác thực căn cước công dân gắn chip điện tử, đối chiếu dữ liệu sinh trắc học cá nhân), làm sạch dữ liệu thông tin khách hàng và liên kết các dịch vụ như ứng dụng giải pháp đánh giá mức độ khả tín khách hàng cho các sản phẩm vay tín chấp online; mở tài khoản, khoản vay/thấu chi trên ứng dụng VNeID… Trong đó, giải pháp đánh giá khả tín khách hàng là công cụ mạnh mẽ, giúp tự động hóa quá trình thẩm định và phê duyệt tín dụng trên cơ sở phân tích dữ liệu lớn, giúp tối ưu hóa quá trình đánh giá khả năng trả nợ của người vay và hỗ trợ ngân hàng ra quyết định cho vay một cách nhanh chóng, chính xác. Ngoài ra, ngân hàng sẽ phối hợp cùng Trung tâm RAR triển khai các giải pháp về an sinh xã hội như phối hợp với công an địa phương đăng ký căn cước công dân gắn chip và mở tài khoản LPBank, chi trả an sinh xã hội, triển khai các dịch vụ thanh toán trực tuyến trên nền tảng VNeID. Phát biểu tại lễ ký kết, ông Hồ Nam Tiến - Phó chủ tịch hội đồng quản trị kiêm tổng giám đốc LPBank chia sẻ ngân hàng đã và đang nỗ lực tối đa nhằm cung cấp cho người dân và doanh nghiệp được thụ hưởng những tiện ích từ cơ sở dữ liệu quốc gia về dân cư và thẻ căn cước công dân gắn chíp, chuyển đổi cách làm từ thủ công sang tự động hóa, tối ưu hóa và cá nhân hóa với hiệu quả vượt trội. Thiếu tướng Nguyễn Ngọc Cương - Cục trưởng Cảnh sát quản lý hành chính về trật tự xã hội (C06), Bộ Công an - khẳng định, các đơn vị nghiệp vụ của Bộ Công an và Bộ Thông tin và truyển thông sẽ đưa ra những giải pháp bảo mật để đảm bảo tốt các tiện ích cũng như an toàn trong thanh toán, bảo vệ dữ liệu cá nhân. Việc này sẽ giúp cho LPBank nói riêng và ngành ngân hàng nói chung đẩy mạnh hơn nữa việc cho vay tín chấp thông qua chấm điểm tín dụng của công dân, góp phần đẩy lùi tín dụng đen, mang lại lợi ích lớn cho cộng đồng và toàn xã hội. Thoả thuận hợp tác là một trong những bước triển khai tích cực và chủ động của LPBank trong việc thực hiện chủ trương của Chính phủ và Ngân hàng Nhà nước, thông qua khai thác Cơ sở dữ liệu quốc gia về dân cư, phối hợp với C06 thực hiện các biện pháp nhằm làm sạch cơ sở dữ liệu ngân hàng, hạn chế tối đa thực trạng về tài khoản ảo, ngăn ngừa tội phạm gian lận hồ sơ giấy tờ, mở tài khoản mạo danh hoặc lừa đảo khách hàng. Điều này cũng khẳng định vị thế của LPBank về năng lực công nghệ, sẵn sàng đồng hành cùng các tổ chức lớn trong việc thúc đẩy triển khai hiệu quả Đề án 06, thực hiện định hướng ngân hàng xanh, phát triển bền vững. Sở hữu mạng lưới rộng lớn cùng tệp khách hàng cá nhân trải dài khắp 63 tỉnh thành, LPBank luôn có các giải pháp để bảo vệ dữ liệu khách hàng, hợp tác chặt chẽ với cơ quan chức năng nhằm xây dựng hệ sinh thái số an toàn, lành mạnh, đúng với phương châm ""Lấy khách hàng làm trọng tâm"".",05/06/2024 14:00 GMT+7,https://tuoitre.vn/lpbank-cung-bo-cong-an-trien-khai-dich-vu-so-tren-ung-dung-vneid-2024060513432629.htm,"LPBank cho biết khách hàng có thể mở, liên kết tài khoản LPBank, mở khoản vay/thấu chi, triển khai các dịch vụ thanh toán, chi trả an sinh xã hội… ngay trên ứng dụng của ngân hàng."
Giá hồ tiêu tăng cao và có khả năng lên nữa,"Chưa đầy một tháng qua, giá hồ tiêu trong nước đã tăng từ 100.000 đồng/kg lên trên 140.000 đồng/kg. Doanh nghiệp nhận định giá tiêu sẽ tiếp tục đà tăng và có khả năng quay lại đỉnh lịch sử 220.000 đồng/kg đã thiết lập năm 2015. Giá hồ tiêu tăng vọt trong thời gian ngắn Theo ghi nhận của Tuổi Trẻ Online, ngày 5-6 giá hồ tiêu thu mua ở các vùng trọng điểm như Tây Nguyên, Đông Nam Bộ đang dao động ở mức 142.000 đồng/kg. Đà tăng giá của hồ tiêu rất nhanh. Giữa tháng 5-2024, giá hồ tiêu loanh quanh mốc 100.000 đồng/kg, nhưng chỉ khoảng 20 ngày sau đã vọt lên 142.000 đồng/kg. Đây được coi là mức giá rất cao trong nhiều năm trở lại đây. Nhìn rộng ra, nếu so với thời điểm đầu năm 2023, giá hồ tiêu 55.000 đồng/kg, thì hiện nay giá đã tăng gần gấp 3 lần. Dù giá tiêu đang trên đà tăng, rất ít nông dân Tây Nguyên lao vào trồng mới, họ chỉ trồng thăm dò diện tích nhỏ, trồng thay thế cây chết. Từng có 2.000 gốc tiêu nhưng bỏ vườn vì thua lỗ và dịch bệnh, hai năm gần đây ông Lê Đình Nguyên (45 tuổi, trú huyện Đak Đoa, tỉnh Gia Lai) mới trồng lại 100 gốc xen trong rẫy cà phê. Theo ông Nguyên, để hấp dẫn người dân quay lại với hồ tiêu, giá phải giữ ổn định ở mức 150.000 đồng/kg. Với mức giá này người trồng tiêu mới đảm bảo có lời để mạnh dạn đầu tư vì hồ tiêu là loại cây cần vốn lớn, dễ bị ảnh hưởng nấm bệnh và thời tiết. Có yếu tố đầu cơ? Trao đổi với Tuổi Trẻ Online, ông Hoàng Phước Bính - phó chủ tịch thường trực Hiệp hội Hồ tiêu Chư Sê, Gia Lai - cho hay giá tiêu tăng nhanh gần đây do tác động của yếu tố đầu cơ. Theo ông, hiện giá thế giới đang tăng, giá nội địa thấp hơn thế giới nên nhiều đại lý nhỏ lẻ đang găm giữ hàng và đẩy giá lên. Ông Bính nói lịch sử trước nay chưa khi nào giá hồ tiêu Brazil cao hơn Việt Nam nhưng vừa qua điều này đã thay đổi. Ông Bính nhận định hồ tiêu đang bước vào chu kỳ tăng giá và sẽ tiếp tục tăng cao bởi cung không đủ cầu. Được biết, đỉnh giá hồ tiêu lập năm 2015 ở mức 220.000 đồng/kg rồi lao xuống đáy còn 34.000 đồng/kg vào năm 2020. Sau chu kỳ 5 năm, giá hồ tiêu đang quay đầu tăng trở lại. Nguyên nhân Việt Nam là nước xuất khẩu hồ tiêu chủ lực, chiếm 60% sản lượng xuất khẩu toàn thế giới nhưng diện tích, sản lượng những năm qua liên tục giảm. Cùng với đó, các nước trồng hồ tiêu hàng đầu như Brazil, Indonesia cũng mất mùa do biến đổi khí hậu.",05/06/2024 11:37 GMT+7,https://tuoitre.vn/gia-ho-tieu-tang-cao-va-co-kha-nang-len-nua-2024060511072448.htm,"Những ngày gần đây, giá hồ tiêu tăng từ 100.000 đồng/kg lên 142.000 đồng/kg. Người trồng tiêu nhận định hồ tiêu đang vào chu kỳ tăng giá mới."
"Đại biểu truy trách nhiệm của kiểm toán trong vụ SCB, hai tư lệnh ngành nói gì?","Theo đại biểu Mai Văn Hải (đoàn Thanh Hóa), vụ việc SCB xảy ra thời gian vừa qua được cử tri và nhân dân đặc biệt quan tâm, theo dõi. Tuy nhiên, thông tin đại chúng cho thấy nhiều công ty kiểm toán thực hiện kiểm toán báo cáo tài chính của SCB nhưng không phát hiện dấu hiệu bất thường tại ngân hàng này. Vì vậy, nhiều cử tri đặt câu hỏi về vai trò và trách nhiệm của kiểm toán. Trách nhiệm của cơ quan kiểm toán là gì? ""Xin Tổng Kiểm toán Nhà nước cho biết vai trò và trách nhiệm của Kiểm toán Nhà nước với các vụ việc như SCB trong thời gian qua"" - đại biểu Hải nêu vấn đề. Trả lời nội dung này, Tổng kiểm toán Ngô Văn Tuấn cho hay Ngân hàng SCB bị truy tố và được xét xử với ba tội danh: thao túng thị trường chứng khoán, chiếm đoạt tài sản, nhận và đưa hối lộ. Vì vậy, ông Tuấn cho rằng công ty này không liên quan, không thuộc đối tượng và phạm vi của Kiểm toán Nhà nước. ""Theo quy định của Luật Kiểm toán độc lập thì đây là công ty đại chúng và SCB thuộc đối tượng bắt buộc phải kiểm toán độc lập. Trách nhiệm này thuộc về các doanh nghiệp kiểm toán độc lập đã cung cấp dịch vụ kiểm toán, báo cáo của SCB” - ông Tuấn nói. Giải trình thêm nội dung này, Bộ trưởng Bộ Tài chính Hồ Đức Phớc cho hay khi kiểm toán về Ngân hàng Nhà nước, Kiểm toán Nhà nước dù không kiểm toán SCB nhưng đã kiến nghị và lưu ý về vấn đề SCB. Về kiểm toán độc lập, ông Phớc cho biết giai đoạn 2012 - 2016, SCB đã thuê công ty kiểm toán nước ngoài là Ernst & Young; giai đoạn 2017 - 2019 thuê Công ty kiểm toán Deloitte của nước ngoài; giai đoạn 2019 - 2022 SCB thuê Công ty kiểm toán KPMG thực hiện. Theo bộ trưởng, quá trình thực hiện kiểm toán này cũng có những vấn đề thiếu sót, sai phạm và những vấn đề mà cơ quan điều tra, cơ quan công tố đã điều tra và xử lý vụ án. ""Thời gian tới với vai trò chức năng, nhiệm vụ và phạm vi công tác được Chính phủ giao và luật định, chúng tôi tiếp tục nâng cao chất lượng kiểm toán độc lập, phục vụ cho các dịch vụ kiểm toán của các cơ quan đơn vị và doanh nghiệp"" - ông Phớc nói. Ba công ty nước ngoài kiểm toán độc lập SCB Bộ trưởng Phớc cũng nói thêm, kiểm toán có hai hệ thống, bao gồm Kiểm toán Nhà nước là cơ quan độc lập do Quốc hội thành lập và thực hiện theo pháp luật. Theo đó, chỗ nào có tài sản và tiền của Nhà nước là có hoạt động kiểm toán. Vì vậy chức năng, nhiệm vụ của Kiểm toán Nhà nước đã được tổng kiểm toán nêu rõ. Kiểm toán Nhà nước có quy trình chặt chẽ và chất lượng tốt, áp dụng công nghệ cao, công nghệ thông tin trong kiểm toán như viễn thám, siêu âm bê tông, áp dụng công nghệ để kiếm toán về hệ thống công nghệ thông tin trong cơ quan nhà nước. ""Với trình độ năng lực của anh em kiểm toán dự án đầu tư xây dựng cơ bản thì đây là một trong những cơ quan hàng đầu về kiểm toán và thanh tra về đầu tư"" - ông Phớc nói. Với kiểm toán độc lập, ông Phớc nói phải thực hiện theo Luật Kiểm toán độc lập, cung cấp dịch vụ kiểm toán cho doanh nghiệp. Các tổ chức cung cấp dịch vụ này là những người hành nghề kiểm toán độc lập, doanh nghiệp kiểm toán độc lập, doanh nghiệp nước ngoài có chi nhánh kiểm toán đặt lại Việt Nam, thực hiện kiểm toán báo cáo tài chính, kiểm toán đầu tư hoặc các công việc mà doanh nghiệp thuê. Theo ông Phớc, kiểm toán độc lập cũng sẽ phối hợp Kiểm toán Nhà nước thông qua hợp đồng và trưng dụng để thực hiện theo yêu cầu của Kiểm toán Nhà nước. Bộ trưởng Bộ Tài chính khẳng định đã thực hiện theo đúng quy định kiểm toán là quản lý chất lượng kiểm toán thông qua ban hành cơ chế chính sách, chiến lược, thanh kiểm tra và giám sát với các tổ chức kiểm toán. Năm 2023 - 2024 thanh kiểm tra 20 doanh nghiệp, đánh giá 11 doanh nghiệp đạt yêu cầu, 7 doanh nghiệp không đạt yêu cầu và 1 doanh nghiệp yếu. Kiểm tra 62 hồ sơ kiểm toán, có 16 hồ sơ đạt yêu cầu, 26 hồ sơ không đạt yêu cầu, 20 hồ sơ yếu kém. Từ đó đình chỉ 7 kiểm toán viên, nhắc nhở 21 kiểm toán viên và phê bình các công ty kiểm toán.",05/06/2024 11:33 GMT+7,https://tuoitre.vn/dai-bieu-truy-trach-nhiem-cua-kiem-toan-trong-vu-scb-hai-tu-lenh-nganh-noi-gi-20240605112018288.htm,"Sáng 5-6, trong phiên chất vấn và trả lời chất vấn của Tổng Kiểm toán Nhà nước Ngô Văn Tuấn, câu hỏi về trách nhiệm của cơ quan Kiểm toán Nhà nước đối với vụ việc SCB được nêu ra."
"Các hãng bay tăng thời gian khai thác máy bay, được khuyến cáo về an toàn bay","Tin từ Cục Hàng không Việt Nam, cơ quan này vừa ra chỉ thị tăng cường biện pháp bảo đảm an toàn hàng không. Do ảnh hưởng của lệnh triệu hồi động cơ PW1100 khiến cho đội tàu bay A321NEO của các hãng hàng không Việt Nam phải tạm dừng khai thác với số lượng lớn (22/45 tàu bay) gây ra tình trạng thiếu tàu bay. Theo Cục Hàng không Việt Nam, để duy trì hoạt động khai thác, các hãng hàng không đã tối ưu hóa nhằm tăng thời gian sử dụng tàu bay để đáp ứng nhu cầu vận chuyển của ngành hàng không Việt Nam. Do vậy, để đảm bảo sử dụng tàu bay hiệu quả, an toàn, Cục Hàng không Việt Nam yêu cầu hãng bay tổ chức bảo dưỡng tàu bay, chuẩn bị đầy đủ vật tư, phụ tùng, thiết bị, dụng cụ phục vụ bảo dưỡng nhằm kịp thời phát hiện và khắc phục triệt để hỏng hóc, đảm bảo tàu bay được đưa vào khai thác ở trạng thái tốt nhất. Ngoài ra, cần đảm bảo thực hiện đầy đủ công tác huấn luyện định kỳ đối với nhân viên hàng không, bổ sung các nội dung đã được nhận diện thông qua hệ thống điều tra an toàn vào nội dung huấn luyện. Đồng thời quán triệt đội ngũ phi công triệt để tuân thủ các chính sách quy định, quy trình khai thác tiêu chuẩn đặc biệt trong điều kiện thời tiết bất lợi, nghiêm túc tuân thủ các quy định tại các chỉ thị an toàn của Cục Hàng không Việt Nam... Trong bối cảnh lực lượng vận tải hàng không giảm, các hãng hàng không Việt Nam đã thực hiện các giải pháp để tăng tải như thay đổi giờ hạ cất cánh, bổ sung nhiều chuyến bay đêm sau 22 giờ. Trước đó, Vietnam Airlines tăng thời gian khai thác đội tàu bay từ 10 giờ/ngày lên 11 giờ/ngày và tiếp tục tăng lên 12 giờ/ngày trong giai đoạn cao điểm; Vietjet tăng từ 12,8 giờ/ngày lên trên 13,2 giờ/ngày và sẽ tiếp tục tăng lên 14 giờ/ngày sau khi thực hiện việc thay đổi slot tại các cảng hàng không, sân bay. Còn hãng hàng không Viettravel Airlines và Bamboo Airways cũng đã thay đổi thời gian khai thác từ 11-12/giờ/ngày lên 12,5 giờ/ngày. Các hãng đang chạy đua tìm kiếm tàu bay trong bối cảnh nguồn lực đội bay suy giảm mạnh từ đầu năm do vấn đề liên quan đến động cơ Pratt & Whitney, cũng như khó khăn của một số doanh nghiệp. Tuy nhiên, thị trường thuê máy bay đang khan hiếmtàu, giá neo cao. Giá thuê máy bay loại thuê ướt (gồm cả phi công, tiếp viên) với giá 3.000 USD một giờ, thì hiện nay tăng đến 4.500 USD một giờ nhưng cũng không thể tìm được tàu.",05/06/2024 10:56 GMT+7,https://tuoitre.vn/cac-hang-bay-tang-thoi-gian-khai-thac-may-bay-duoc-khuyen-cao-ve-an-toan-bay-20240605103550293.htm,"Trong bối cảnh thiếu hụt máy bay, các hãng hàng không tăng thời gian sử dụng máy bay sẵn có để đáp ứng nhu cầu vận chuyển. Cục Hàng không Việt Nam yêu cầu các hãng hàng không nâng cao biện pháp bảo đảm an toàn."
Hà Tĩnh huy động nguồn lực hỗ trợ thi công dự án đường dây 500kV mạch 3,"Thực hiện ý kiến chỉ đạo của Thủ tướng Chính phủ về việc huy động các nguồn lực của địa phương đảm bảo hậu cần và tăng cường hỗ trợ thi công công trình đường dây 500kV mạch 3, Tỉnh Đoàn Hà Tĩnh đã triển khai đợt thi đua cao điểm 30 ngày đêm tình nguyện tham gia đẩy nhanh tiến độ, hoàn thành sớm dự án đường dây 500kV mạch 3 đoạn qua Hà Tĩnh. Gần 700 đoàn viên tham gia 46 tổ xung kích Theo đó, Tỉnh Đoàn Hà Tĩnh thành lập 46 tổ xung kích với sự tham gia của 690 đoàn viên về các địa phương đang thi công đường dây 500kV mạch 3 để tham gia loạt hoạt động tình nguyện chi viện, hỗ trợ cho các đơn vị thi công. Các phần việc đội xung kích thực hiện gồm tham gia hỗ trợ tháo gỡ, di dời tài sản, công trình kiến trúc, phát quang cây cối bàn giao mặt bằng tạo hành lang tuyến. Phối hợp chính quyền địa phương và các lực lượng liên quan đảm bảo an ninh trật tự, an toàn giao thông với những đoạn kéo dây qua các tuyến đường quốc lộ, tuyến đường chính. Tham gia hỗ trợ công tác hậu cần, hỗ trợ công nhân thi công, phối hợp với nhà thầu cung cấp đầu mối, thông tin trong việc mua sắm, thuê máy móc, thiết bị, vật dụng (nếu cần). Đồng thời, tổ chức thăm hỏi, động viên khen thưởng kịp thời các lực lượng đang trực tiếp thi công công trình và các hình thức hỗ trợ khác phù hợp. Anh Nguyễn Hoài Nam - phó bí thư Tỉnh Đoàn Hà Tĩnh, cho biết kế hoạch 30 ngày cao điểm được thực hiện từ ngày 1-6-2024 đến ngày 30-6-2024. Những ngày đầu triển khai đợt cao điểm, Tỉnh Đoàn Hà Tĩnh đã phối hợp với Công ty Điện lực Hà Tĩnh tổ chức khảo sát thực địa hiện trường thi công đường dây 500kV mạch 3 để có cơ sở triển khai các tổ xung kích thực hiện nhiệm vụ một cách hiệu quả nhất. ""Đoàn công tác đã đến động viên các đơn vị thi công, trao đổi, nắm bắt tâm tư, các khó khăn, vướng mắc. Khảo sát, ghi nhận các nội dung, phần việc đoàn viên thanh niên địa phương có thể tham gia hỗ trợ nhà thầu thi công với mục tiêu góp phần sớm hoàn thành dự án đường dây 500KV mạch 3 trước ngày 30-6 theo kế hoạch"" - anh Nam chia sẻ. Hoàn thành giải phóng mặt bằng dự án đường dây 500kV mạch 3 Sáng 5-6, trao đổi với Tuổi Trẻ Online, ông Dương Thanh Hòa - phó giám đốc Sở Công Thương Hà Tĩnh, cho biết dự án đường dây 500kV mạch 3 đoạn Quảng Trạch - Quỳnh Lưu qua Hà Tĩnh dài 141,52km với 285 vị trí móng cột thuộc địa bàn của 9 huyện, thị xã, được khởi công từ tháng 1-2024. Ngày 7-2, tỉnh Hà Tĩnh đã hoàn thành bàn giao 285/285 vị trí móng cột (đạt 100%). Ngày 31-5, địa phương này cũng hoàn thành bàn giao toàn tuyến 284/284 khoảng cột (tương đương với 113/113 khoảng néo). Thời điểm hiện tại, các đơn vị thi công hoàn thành đúc móng 285 vị trí; dựng xong 96/285 vị trí cột, đang dựng 65 vị trí cột; kéo xong 2/113 khoảng néo, đồng thời đang tổ chức kéo dây 2 khoảnh néo. Theo ông Hòa, thời gian qua Hà Tĩnh đã rất quyết liệt, tập trung cao trong công tác lãnh đạo, chỉ đạo giải phóng mặt bằng đường dây 500kV mạch 3 theo chỉ đạo của Thủ tướng Chính phủ. Địa phương đã làm tốt công tác tuyên truyền, tạo được sự đồng thuận cao của nhân dân, góp phần đẩy nhanh tiến độ trong công tác giải phóng mặt bằng, sớm bàn giao cho các đơn vị thi công. Tuy vậy, dự án đường dây 500kV mạch 3 với khối lượng công việc khá lớn, nhiều vị trí móng cột nằm trên đất rừng, việc yêu cầu phải giải phóng mặt bằng nhanh, đồng bộ để kịp thời bàn giao cho đơn vị thi công nên thời gian qua địa phương cũng gặp không ít khó khăn. ""Hiện nay Hà Tĩnh đang chỉ đạo các địa phương có dự án đi qua thực hiện huy động nguồn lực sẵn có, hỗ trợ tối đa, tạo mọi điều kiện để đơn vị thi công tổ chức tốt nhất công tác hậu cần, nơi ăn, chỗ ở, sinh hoạt, đi lại đảm bảo thuận tiện, vệ sinh, an toàn, sức khỏe người lao động, đảm bảo công tác an ninh trật tự"" - ông Hòa nói.",05/06/2024 10:22 GMT+7,https://tuoitre.vn/ha-tinh-huy-dong-nguon-luc-ho-tro-thi-cong-du-an-duong-day-500kv-mach-3-20240605095337801.htm,"Nhằm góp phần đẩy nhanh tiến độ dự án đường dây 500kV mạch 3, Hà Tĩnh yêu cầu các địa phương huy động nguồn lực, tạo điều kiện thuận lợi nhất về hậu cần, ăn ở, sinh hoạt để các đơn vị thi công sớm hoàn thành dự án."
"Giá vàng giảm thêm, nhu cầu mua vẫn cao","Hơn 10h sáng 4-6, Ngân hàng (NH) Nhà nước công bố giá bán vàng cho 4 NH và Công ty SJC là 77,98 triệu đồng/lượng. Giá vàng được 4 NH và Công ty SJC bán ra ở mức 78,98 triệu đồng/lượng, giảm thêm 1 triệu đồng/lượng so với ngày trước đó. Sáng cùng ngày, Công ty SJC treo bảng tạm ngưng giao dịch lúc 10h25 và mở cửa trở lại lúc 13h30. Nhưng từ trước 13h, hàng dài người đã xếp hàng trước giờ mở cửa. Một khách hàng cho hay đã điền thông tin và đặt cọc trước vào buổi sáng nên kiên nhẫn đội nắng, xếp hàng chờ để lấy vàng vào buổi chiều. Sau khi trải qua vòng xếp hàng, vào bên trong sảnh khách hàng sẽ lấy số thứ tự và chờ đến lượt giao dịch. Một khách hàng mua được 2 lượng vàng sau hơn một tiếng chờ đợi. Tuy nhiên, do có quá nhiều khách hàng đến mua vàng, Công ty SJC giới hạn mỗi khách mua được 1 lượng vàng. Chiều cùng ngày, các NH cũng chỉ bán vàng cho những khách hàng đã đăng ký vào buổi sáng hoặc hôm 3-6. Tại Vietcombank chi nhánh TP.HCM (số 5 Công trường Mê Linh, quận 1) lúc 13h30 có rất đông khách hàng xếp hàng tại sảnh để chờ gọi tên. Đây là những khách hàng đã đăng ký mua vàng và thanh toán tiền từ buổi sáng và được hẹn chiều nay đến nhận vàng. Sau khi được gọi tên, khách hàng lên tầng trên ký giấy nhận vàng. Những khách hàng mới đến buổi chiều 4-6 được hẹn lại vào sáng 5-6. Chi nhánh Agribank cũng chủ yếu giao vàng cho những khách hàng đã đăng ký từ trước. Chiều cùng ngày, giá vàng thế giới giảm sâu, còn 2.330 USD/ounce, tương đương 71,5 triệu đồng/lượng theo tỉ giá quy đổi. So với sáng 4-6, giá vàng thế giới đã giảm 21 USD/ounce (khoảng 654.000 đồng/lượng). Các chuyên gia dự báo nếu giá vàng thế giới tiếp tục duy trì đà giảm, giá vàng miếng SJC sẽ tiếp tục giảm trong những ngày tới. Trao đổi với báo chí chiều 4-6, ông Đào Xuân Tuấn, vụ trưởng Vụ Quản lý ngoại hối, NH Nhà nước, cho biết phương án can thiệp thông qua bán vàng cho 4 NH thương mại nhà nước và Công ty SJC bước đầu đã nhận được sự quan tâm, đánh giá tích cực của dư luận. ""Việc thu hẹp chênh lệch giữa giá vàng miếng SJC và giá vàng quốc tế dẫn tới giá bán vàng có thể sẽ còn giảm trong thời gian tới. Vì vậy, người dân cũng cần thận trọng khi mua vàng trong bối cảnh giá vàng thế giới đầy biến động như hiện nay"", ông Tuấn nhấn mạnh. Để cập nhật giá vàng mới nhất, mời bạn truy cập TẠI ĐÂY.",05/06/2024 08:17 GMT+7,https://tuoitre.vn/gia-vang-giam-them-nhu-cau-mua-van-cao-20240604224103494.htm,"Nhiều chuyên gia cho rằng Ngân hàng Nhà nước nên tăng lượng vàng cung ứng mỗi ngày để khách hàng khi có nhu cầu lập tức được đáp ứng ngay, thay vì phải đăng ký và chờ đợi. Một khi số lượng vàng được bán không giới hạn, yếu tố tâm lý sẽ được giải tỏa."
"Philippines thông báo giảm thuế nhập khẩu gạo, Việt Nam hưởng lợi lớn","Theo báo Nikkei Asia, quốc gia nhập khẩu gạo hàng đầu thế giới Philippines đang tiến hành cắt giảm thuế nhập khẩu đối với gạo từ 35% xuống 15% cho đến năm 2028, nhằm giảm bớt khủng hoảng lạm phát trong nước. Lợi cho nhà xuất khẩu gạo Theo đó, các nhà phân tích cho rằng động thái này có thể mang lại lợi ích cho các nhà xuất khẩu gạo nước ngoài như Việt Nam, và khiến nông dân Philippines gặp khó khăn trong việc cạnh tranh. Quyết định này được công bố hôm 4-6, sau cuộc họp của một hội đồng liên cơ quan do Tổng thống Philippines Ferdinand Marcos Jr đứng đầu. Người đứng đầu Cơ quan Kinh tế và Phát triển quốc gia Philippines Arsenio Balisacan cho biết động thái này sẽ giúp hạ giá gạo, khiến giá của mặt hàng này ""trở nên phải chăng hơn"". Gạo chiếm 9% chỉ số giá tiêu dùng của Philippines, nhưng mặt hàng thiết yếu này chiếm hơn một nửa tỉ lệ lạm phát chung trong ba tháng qua. Giá cả tại Philippines đã tăng tháng thứ ba liên tiếp trong tháng 4, tăng 3,8% so với cùng kỳ năm ngoái. ""Việc giảm thuế gạo dự kiến sẽ làm giảm giá gạo cho người tiêu dùng, đồng thời hỗ trợ sản xuất trong nước nhờ thuế quan và tăng hỗ trợ ngân sách để cải thiện năng suất nông nghiệp, đặc biệt là khi giá gạo toàn cầu vẫn ở mức cao"", ông Balisacan nói trong một thông cáo. Ông Balisacan cho biết chính quyền Tổng thống Marcos đang nỗ lực giữ giá thấp cho người nghèo Philippines, bằng cách cắt giảm thuế đối với gạo nhập khẩu xuống mức thấp nhất là 29 peso (0,49 USD)/kg trong năm nay. Tác động tiêu cực đến nông dân Trong khi đó, ông Miguel Chanco, nhà kinh tế trưởng cho khu vực châu Á tại Công ty tư vấn kinh tế Pantheon Macro Economics (trụ sở tại Anh), nhận định động thái cắt giảm thuế sẽ khiến gạo nhập khẩu rẻ hơn gạo trong nước của Philippines, đồng nghĩa với việc ""chắc chắn sẽ có tác động tiêu cực đến thu nhập của nông dân"". ""Mặt khác, trên cơ sở vĩ mô, điều này sẽ giúp ích đáng kể - một khi được thực hiện - trong việc kéo lạm phát xuống, và hỗ trợ sức mua của tất cả người dân Philippines"", ông Chanco nói. Ông Chanco cũng cho rằng động thái này sẽ mang lại ""lợi ích lớn"" cho các nhà xuất khẩu gạo ở châu Á, như Việt Nam và Thái Lan, và Ấn Độ sẽ tiếp tục lỡ cơ hội do nước này đang hạn chế xuất khẩu gạo. Ông Robert Dan Roces, nhà kinh tế trưởng tại Ngân hàng Security Bank ở Manila (Philippines), gọi mức thuế thấp đối với gạo nhập khẩu là ""con dao hai lưỡi"", vì người tiêu dùng sẽ được hưởng lợi, trong khi nông dân phải đối mặt với sự cạnh tranh gay gắt từ hàng nhập khẩu rẻ hơn. ""Điều này có thể thúc đẩy một số nông dân đa dạng hóa cây trồng, có tiềm năng xáo trộn các hoạt động canh tác đã có từ lâu. Các chương trình hỗ trợ của chính phủ, chẳng hạn như trợ cấp và cải thiện hiệu quả trang trại, là rất quan trọng để giảm bớt thiệt hại cho nông dân"", ông Roces nói. Tuy nhiên, ông Roces cũng cảnh báo rằng động thái như vậy có thể khiến các nhà xuất khẩu gạo phải suy nghĩ lại về tình thế của họ tại Philippines. ""Các nhà xuất khẩu gạo như Việt Nam có thể thấy doanh số bán sang Philippines thấp hơn, nhưng điều này cũng có thể thúc đẩy họ khám phá các thị trường mới hoặc… các nhà xuất khẩu như Việt Nam có thể cung cấp các loại gạo có giá trị cao hơn cho các nhà nhập khẩu Philippines"", ông Roces nhận định thêm.",05/06/2024 08:15 GMT+7,https://tuoitre.vn/philippines-thong-bao-giam-thue-nhap-khau-gao-viet-nam-huong-loi-lon-20240605075159484.htm,"Philippines thông báo sẽ giảm thuế nhập khẩu gạo. Các chuyên gia lo ngại động thái này sẽ gây hại cho nông dân Philippines, nhưng có lợi cho các nhà xuất khẩu gạo như Việt Nam."
Ví điện tử Việt chiếm lĩnh thị trường,"Ngay sau khi gã khổng lồ Grab thông báo sẽ dừng hoạt động ví điện tử Moca trên nền tảng ứng dụng tại thị trường Việt Nam từ ngày 1-7 tới, rất nhiều người dùng cho biết đã không phải mất nhiều thời gian lựa chọn ví thay thế. Cơ hội ""đánh chiếm"" người dùng Grab Theo thông báo của Grab, sau khi dừng hoạt động ví điện tử Moca, người dùng các dịch vụ Grab có thể lựa chọn ví điện tử MoMo hoặc ZaloPay hoặc thẻ ngân hàng để thanh toán. Mặc dù thị phần của ví điện tử Moca trên thị trường ví điện tử Việt Nam khá khiêm tốn, nhưng với việc người dùng ví Moca trước đây phải chọn một chiếc ví mới khiến MoMo, ZaloPay ""ngư ông đắc lợi"". Hơn nữa, dịch vụ Grab vốn đã trở nên quá quen thuộc với hàng chục triệu người dân Việt Nam, đặc biệt người dân ở các thành phố, đô thị lớn, nên trung gian thanh toán nào chiếm được tình cảm người dùng dịch vụ Grab chắc chắn sẽ thu lại thị phần không hề nhỏ. Trong số hàng chục ví điện tử đang hoạt động tại Việt Nam, MoMo nổi lên là cái tên dễ được nhiều người dùng lựa chọn bởi quá phổ biến. Không chỉ vậy, MoMo cũng là một trong những ví điện tử liên tục tung ra các chương trình khuyến mãi và ưu đãi hấp dẫn cho người tiêu dùng. Chẳng hạn, MoMo vừa có chương trình chuyển tiền chỉ 111 đồng được hoàn tiền đến 6 lần. Số tiền được hoàn có thể đến 9,999 triệu đồng hoặc 1 chỉ vàng... MoMo cũng luôn có những ưu đãi mua sắm cho những người thích săn sale các ngày đôi (chẳng hạn sắp đến là ngày 6-6), trên các sàn thương mại điện tử như Lazada, TikTok Shop... Trong khi đó, ví điện tử ZaloPay với lợi thế đến từ ứng dụng Zalo cũng đang có những bước phát triển mạnh mẽ. Bằng chứng là ngay từ khi ví Moca vẫn còn hoạt động ngon lành trên Grab, nền tảng này vẫn tiến hành cú bắt tay với ZaloPay vào đầu năm 2023 để đưa ZaloPay có mặt trên tính năng thanh toán các dịch vụ Grab. Cái bắt tay với ""ông lớn"" Grab giúp ZaloPay có thêm cơ hội tiếp cận đối tác tài xế, các bên chấp nhận thanh toán, các doanh nghiệp nhỏ... hướng tới xây dựng cộng đồng không tiền mặt của riêng mình. Mặc dù đã có giải pháp thanh toán không tiền mặt (Moca) tích hợp sẵn trên ứng dụng, nhưng theo bà Nguyễn Thị Mỹ Hạnh, phó giám đốc điều hành Grab Việt Nam, Grab cần phải mang đến cho người dùng các lựa chọn thanh toán đa dạng nhằm nâng cao trải nghiệm cho người dùng. ""Sự hợp tác với ZaloPay bổ sung thêm một lựa chọn vào danh mục các giải pháp thanh toán không dùng tiền mặt trên Grab. Giờ đây, ZaloPay có cơ hội lớn thay thế hoàn toàn Moca trên nền tảng Grab, kiếm thêm hàng triệu người dùng mới về với mình"", bà Hạnh nói. Nhiều giải pháp sáng tạo Mới đây, ví điện tử MoMo kết hợp cùng Hiệp hội An toàn thông tin Việt Nam (Vnisa) khởi xướng dự án ""Cùng học an toàn bảo mật với MoMo"" nhằm trang bị và cung cấp kiến thức về an toàn bảo mật một cách trực quan, dễ hiểu cho người dùng. Dự án bao gồm chuỗi các video ngắn xoay quanh các nội dung hướng dẫn bảo mật từ mật khẩu, OTP đến cảnh giác trước các link lạ, yêu cầu chuyển tiền hay các hướng dẫn giúp người dùng thực hiện các biện pháp bảo mật như xác thực sinh trắc học... Thời lượng của các hướng dẫn dài nhất là hơn 30 giây - bằng một quảng cáo của các thương hiệu - nhưng lại được thể hiện với hình thức, ngôn ngữ sáng tạo, gần gũi và ""bắt trend"" thay vì chỉ cung cấp kiến thức một cách bài vở, khô cứng. Phần lớn chuỗi ""bài học"" được mô phỏng dựa trên các tình huống thú vị trong thực tế. Những trường hợp thường gặp như cách mọi người hay đặt mật khẩu đơn giản nhưng nhiều rủi ro, đồng thời hướng người dùng đến ""mẹo"" đặt mật khẩu an toàn. Chính nhờ cách thể hiện trực quan, sinh động và gần gũi này, MoMo đã biến các kiến thức an toàn bảo mật trở nên dễ hiểu, ai cũng có thể áp dụng để bảo vệ tài khoản, tài sản của mình. Chia sẻ về ý tưởng thú vị này, ông Nguyễn Bá Diệp, đồng sáng lập MoMo, cho biết: ""Bằng cách chuyển đổi mục đích sử dụng kênh truyền thông, MoMo mong muốn góp sức vào các hoạt động nâng cao nhận thức về an toàn bảo mật cho người Việt, thay vì chỉ truyền thông các sản phẩm, tính năng và dịch vụ mới của doanh nghiệp"". Ông Ngô Vi Đồng, phó chủ tịch Vnisa, chủ tịch chi hội phía Nam, cho rằng an ninh mạng ngày càng trở nên quan trọng trong thế giới kỹ thuật số vì các cá nhân và tổ chức phụ thuộc rất nhiều vào các thiết bị số và dịch vụ số được kết nối Internet. Việc nâng cao nhận thức của cộng đồng về các mối đe dọa an ninh mạng và các biện pháp thực hành bảo vệ là điều cần thiết để giảm thiểu các cuộc tấn công mạng và bảo vệ thông tin cá nhân. ""Hợp tác với MoMo không chỉ là một bước tiến quan trọng trong việc thúc đẩy an toàn thông tin mà còn thể hiện cam kết của cả hai bên trong việc bảo vệ người dùng khỏi những rủi ro tiềm ẩn trên môi trường số. Chúng tôi hy vọng rằng dự án này sẽ giúp người dùng biết chủ động tự bảo vệ chính mình, giải quyết nhu cầu cấp thiết về việc tăng cường an toàn kỹ thuật số, mang lại lợi ích thiết thực cho hệ sinh thái số tại Việt Nam"", ông Đồng nói.",05/06/2024 08:12 GMT+7,https://tuoitre.vn/vi-dien-tu-viet-chiem-linh-thi-truong-20240604223543958.htm,"Mặc dù có sự hiện diện của không ít ví điện tử ngoại tại Việt Nam, nhưng các ví điện tử trong nước vẫn luôn tỏ ra chiếm ưu thế, đồng thời hoạt động rất sôi nổi trên thị trường."
Những 'ngôi nhà giữa rừng' tại vùng đất Blue Zones,"Tiếp nối hành trình từ Green Zones đến Blue Zones, kiến tạo một không gian sống xanh, khoáng đạt hướng cư dân tới cuộc sống khỏe mạnh và trường thọ, nhà sáng lập Ecopark ra mắt phân khu Blue Forest rộng 14ha tại Ecovillage Saigon River phía Đông Sài Gòn. Phân khu có mật độ mảng xanh cao kỷ lục lên đến 78%, là phân khu đầu tiên và duy nhất tại Việt Nam có tới 7 tầng thiên nhiên bao phủ. Chủ đầu tư hướng tới tạo lập hệ thực vật đa tầng, đa tán, tự vận hành và cân bằng hoàn hảo trong môi trường tự nhiên. Blue Forest cung cấp ra thị trường 287 căn nhà phố, biệt thự với diện tích đa dạng, đa công năng. Mỗi sản phẩm không chỉ là những ngôi nhà nâng tầm chất lượng cuộc sống mà còn là khoản đầu tư hấp dẫn cho khách hàng. Biệt thự khang trang nép mình giữa thiên nhiên Dòng sản phẩm có số lượng hạn chế nhất trong giỏ hàng tại phân khu Blue Forest là biệt thự đơn lập, với số lượng chỉ 16 căn, được triển khai trên diện tích đất 292 - 416m2, 371 - 505m2. Đi cùng số lượng hữu hạn, các căn biệt thự đơn lập Blue Forest còn sở hữu vị trí ""kim cương"", gây choáng ngợp bởi bức tranh cảnh quan thiên nhiên ấn tượng, mặt trước tiếp giáp với đường giao thông nội khu, mặt sau tiếp giáp với những khu rừng xanh mát hay mặt nước mát lành. Với diện tích xây dựng lớn nhất toàn khu, biệt thự đơn lập đáp ứng nhu cầu sống rộng rãi và xa hoa, đảm bảo tính riêng tư tuyệt đối cho gia chủ. Các căn nhà đều có chiều cao 3 tầng, tầng 1 cao đến 4,1m, được bàn giao hoàn thiện kiến trúc mặt ngoài, đồng bộ phong cách kiến trúc với toàn khu. Bên trong, gia chủ có thể thỏa sức thiết kế độc lập thể hiện cá tính, gu thẩm mỹ cá nhân. Có diện tích nhỏ hơn các biệt thự đơn lập là các căn biệt thự song lập, có diện tích đất 180 - 262 m2, 189 - 242 m2. Với lối kiến trúc thông minh, bao gồm hai căn nhà được xây sát vào nhau, biệt thự song lập là lựa chọn phù hợp cho các gia đình đa thế hệ, vừa muốn sống chung trong một căn nhà, vừa muốn có khoảng không gian để thoả mãn các nhu cầu riêng tư.  Đây cũng là lựa chọn an cư và đầu tư phù hợp cho hai gia đình bạn bè thân thiết, đồng điệu về phong cách sống. Shophouse nơi đại lộ sầm uất Bên cạnh dòng sản phẩm biệt thự đáp ứng trọn vẹn nhu cầu an cư, nhà sáng lập Ecopark cũng phát triển dòng sản phẩm shophouse, hài hòa cả nhu cầu ở và kinh doanh ngay tại phân khu Blue Forest. Theo đó, Blue Forest có tới 24 căn góc Shophouse Boulevard, với diện tích đất từ 135 - 180 m2 và 46 căn shophouse thường, diện tích đất 99m2. Điểm chung của các căn nhà phố thương mại này là đều sở hữu chiều cao tầng 1 lên đến 5,8 m, đáp ứng nhu cầu kinh doanh, trưng bày sản phẩm, vừa tạo sự sang trọng cho tổng thể căn nhà. Các sản phẩm này đều được bố trí trên những đại lộ khang trang, rộng rãi nhất phân khu, rất thuận lợi cho hoạt động giao thương, buôn bán của khách thuê; cũng như nhu cầu tìm hiểu, mua sắm các sản phẩm hàng hoá hay thưởng thức ẩm thực của khách hàng. Sở hữu những căn Shophouse Boulevard tại Blue Forest, gia chủ sẽ hưởng lợi ích kép, vừa an cư như nghỉ dưỡng, sống giữa 7 tầng thiên nhiên, vừa sinh lời bền vững từ hoạt động cho thuê hoặc trực tiếp kinh doanh buôn bán. Townhouse đa dạng công năng Một dòng sản phẩm khác cũng đáp ứng nhu cầu đầu tư kinh doanh cho chủ nhân là Forest Townhouse (nhà phố). Tại đây, chủ đầu tư bố trí 14 căn góc, diện tích đất 127 - 186m2 và 37 căn thường, diện tích đất 97,5m2.  Mặt tiền các căn townhouse tại Blue Forest được thiết kế và xây dựng hướng ra trục đường chính, nằm ở nơi có nhiều dân cư sinh sống nên phù hợp làm nơi kinh doanh, buôn bán hoặc cho thuê. Với diện tích nhỏ gọn hơn song vẫn đầy đủ công năng như một căn nhà bình thường, Forest Townhouse giúp việc bảo trì trở nên nhẹ nhàng hơn, đồng thời là sự lựa chọn phù hợp cho nhiều khách hàng với suất đầu tư hợp lý. Bên cạnh những sản phẩm đa dạng về diện tích, linh hoạt về công năng, sở hữu nhà tại Blue Forest, cư dân có thể tận hưởng đến gần 20 tiện ích trong 3 khu rừng chủ đề.  Đó là Farming Forest - nơi gắn kết gia đình và các bạn nhỏ, nơi con trẻ được khám phá thiên nhiên từ vườn nhà tới khu rừng xanh mát; đó là Playing Forest - thiên đường cho những hoạt động ngoài trời thú vị và hoạt động thể thao; hay Healing Forest - nơi con người được ""chạm"" vào thiên nhiên bằng cả 5 giác quan, nơi con người được thiên nhiên ôm ấp, chữa lành. Đại diện một đơn vị phân phối đánh giá, Blue Forest mang tới cho khách hàng cơ hội ""có một không hai"" để sở hữu ""tấm vé"" trở thành cư dân vùng đất Blue Zones, bởi đây là phân khu sở hữu tổng giá hấp dẫn bậc nhất dự án Ecovillage Saigon River, cùng hàng loạt chính sách ưu đãi. Từ khi ra mắt đến nay, các sản phẩm tại Blue Forest đã lọt vào tầm ngắm của nhiều khách hàng, với nhiều lượt booking (giữ chỗ). Sở hữu căn ""nhà giữa rừng"", cư dân cũng có thể thừa hưởng mọi tiện ích đắt giá nhất khu đô thị, từ resort trị liệu khoáng nóng, 20.000 m2 quảng trường giải trí ngay thềm nhà đến tổ hợp khách sạn Kempinski đầu tiên tại Việt Nam. Khách hàng quan tâm dự án, có thể liên hệ 1 trong 5 đại lý chính thức Ecovillage Saigon River để được cung cấp thông tin, tư vấn. ",05/06/2024 08:00 GMT+7,https://tuoitre.vn/nhung-ngoi-nha-giua-rung-tai-vung-dat-blue-zones-2024060421484352.htm,"Nép mình giữa 7 tầng thiên nhiên tại phân khu Blue Forest, Ecovillage Saigon River là 287 căn biệt thự, nhà phố có hai mặt tiền, mặt trước tiếp giáp với đường giao thông nội khu, mặt sau cận kề với những khu rừng xanh thẳm, mát lành."
"Chủ tịch Thế Giới Di Động muốn bán hàng triệu cổ phiếu MWG, có thể thu trăm tỉ","Theo thông tin từ Công ty CP Đầu tư Thế Giới Di Động ngày 4-6, ông Nguyễn Đức Tài - chủ tịch HĐQT công ty - vừa thực hiện đăng ký bán ra 2 triệu cổ phiếu MWG. Mục đích thực hiện giao dịch này để phục vụ nhu cầu tài chính cá nhân. Thời gian dự kiến thực hiện giao dịch bắt đầu từ ngày 7-6 đến ngày 5-7 theo hình thức thỏa thuận hoặc khớp lệnh trên sàn. Trước khi thực hiện giao dịch này, ông Tài sở hữu hơn 35,43 triệu cổ phiếu MWG, tương ứng 2,42% vốn cổ phần công ty. Nếu thương vụ thành công, tỉ lệ sở hữu tại MWG của ông Tài sẽ giảm còn hơn 33,43 triệu cổ phiếu, tương ứng còn 2,28% vốn. Động thái bán ra cổ phiếu MWG của ông Tài diễn ra trong bối cảnh thị giá đang tăng khá tốt. Kết thúc ngày 4-6, cổ phiếu MWG có thị giá 63.800 đồng/cổ phiếu, đã tăng gần 15% sau 1 tháng và gần 35% sau 1 quý. Với mức giá ở vùng này, ước tính chủ tịch Thế Giới Di Động có thể thu về khoảng 127 tỉ đồng. Trước đó, ông Tài rất ít khi bán ra cổ phiếu. Lần gần đây nhất, ông Tài đăng ký bán cổ phiếu MWG từ cuối năm 2021, số lượng thấp hơn. Về động thái bán ra cổ phiếu của lãnh đạo Thế Giới Di Động, hồi cuối tháng 2 năm nay, ông Robert Alan Willett - thành viên HĐQT không điều hành - cũng đăng ký bán ra 1,2 triệu cổ phiếu MWG. Trả lời cổ đông về lý do bán cổ phiếu, ông Robert Alan Willett cho biết bán cổ phiếu nhằm mua một căn nhà mới cho vợ. Về tình hình kinh doanh, lũy kế 4 tháng đầu năm nay, tổng doanh thu hai chuỗi Thế Giới Di Động và Điện máy Xanh đạt 29.400 tỉ đồng, tăng gần 8% so với cùng kỳ. Còn theo báo cáo tài chính hợp nhất quý 1-2024, doanh thu của MWG đạt 31.685 tỉ đồng, tăng 16% so với cùng kỳ. Lợi nhuận sau thuế đạt hơn 902 tỉ đồng, trong khi cùng kỳ chỉ hơn 21,2 tỉ đồng. Tính đến cuối quý 1-2024, khối tài sản của doanh nghiệp này dâng lên mốc hơn 63.540 tỉ đồng, khoản nợ phải trả hơn 37.500 tỉ đồng.",05/06/2024 05:15 GMT+7,https://tuoitre.vn/chu-tich-the-gioi-di-dong-muon-ban-hang-trieu-co-phieu-mwg-co-the-thu-tram-ti-20240604220855814.htm,Ông Nguyễn Đức Tài - chủ tịch HĐQT Thế Giới Di Động - vừa đăng ký bán ra 2 triệu cổ phiếu MWG vì nhu cầu tài chính cá nhân.
Thực hư 'sầu Thái tí hon' đang hot trend giá không tới 100.000 đồng một trái,"Khoảng 1 tháng trở lại đây, khi lướt mạng xã hội như TikTok, Facebook… người dùng dễ bắt gặp những video giới thiệu những trái sầu Thái tí hon nhỏ hơn nhiều so với sầu riêng Monthong hay sầu riêng Ri6 của Việt Nam, giá phổ biến từ 70.000 - 100.000 đồng/kg. Theo các chủ kinh doanh, sầu Thái mini có kích thước nhỏ chỉ từ 300g - 1kg, rơi vào khoảng 100.000 đồng mỗi trái. Tuy ""nhỏ nhưng có võ"", sầu Thái mini được quảng cáo ngọt, thơm, cơm dày, ngoại hình nhỏ xinh như con nhím, phù hợp với gia đình ít người hay chỉ một người ăn. Vì thấy hình dáng nhỏ xíu, bắt mắt với múi sầu vàng ươm, tròn trĩnh gây tò mò, nên chị Mai Anh (ngụ quận 5) liền ""đu trend"" đặt mua một trái sầu Thái tí hon từ một cửa hàng trên mạng về dùng thử với giá 90.000 đồng, song chị cho hay cảm thấy sầu Thái không có gì đặc biệt về hương vị. ""Không biết phải do mình xui hay không nhưng cơm sầu bị sượng, trái nhỏ nên cơm sầu cũng không nhiều, nhưng với giá 90.000 đồng thì mình cũng không kỳ vọng hay đòi hỏi gì nhiều"", chị Mai Anh chia sẻ. Khảo sát tại một số điểm bán, chợ truyền thống ở quận 1, quận 5… sầu riêng mini, sầu tí hon được bán chủ yếu là sầu Ri6 hàng dạt, quả nhỏ giá từ 60.000 đồng một ký, sầu Thái Lan mini ít được bán phổ biến. Bà Vũ Mỹ Linh - bán sầu mini trên đường Hồng Bàng (quận 5, TP.HCM) - cho hay sầu mini trái nhỏ dễ bán hơn sầu lớn vì vừa sức ăn và vừa túi tiền của người mua. Tại cửa hàng của bà Linh, có hai loại sầu mini là sầu Ri6 giá 60.000 đồng một ký và sầu giống Thái trồng tại Việt Nam giá 100.000 đồng một ký. ""So với sầu riêng Thái Lan mini, sầu riêng Ri6 được ưa chuộng hơn vì giá rẻ, giảm so với năm ngoái, hợp túi tiền. Mỗi ngày tôi bán được cả trăm ký sầu mini Ri6"", bà Linh cho hay. Trong khi đó, ông N.Đ.H. - bán sầu riêng trên đường Nguyễn Tri Phương (quận 5) - nói: ""Có tìm đỏ mắt không thấy sầu mini Thái Lan nhập khẩu đâu! Ở ngoài chẳng mấy ai bán loại sầu này"". Theo ông H., sầu Thái mini được quảng cáo trên mạng thực chất là hàng dạt bên Thái, không xuất khẩu được, thay vì làm kem, bánh, nhiều thương lái nhập về quảng cáo là giống sầu Thái mini giá rẻ. ""Mọi người thấy trái nhỏ xinh, giá rẻ nên mua ăn chứ thật ra chất lượng không cao"", ông H. đánh giá. Lý giải nguyên nhân sầu Thái tràn thị trường, ông Đặng Phúc Nguyên - tổng thư ký Hiệp hội Rau quả Việt Nam - cho hay Thái Lan cũng bị ảnh hưởng bởi thời tiết khô hanh, nắng nóng kéo dài, do đó vụ mùa sầu riêng của Thái Lan năm nay ít ra hoa, trái rụng nhiều, ảnh hưởng tới sản lượng và chất lượng trái. Theo đó, lượng lớn sầu riêng trái nhỏ, hàng dạt Thái không đủ tiêu chuẩn xuất khẩu qua Trung Quốc, sẽ được đẩy qua đường tiểu ngạch sang các nước lân cận, trong đó có Việt Nam. Đó cũng là lý do năm nay sầu riêng Thái mini xuất hiện nhiều trên chợ mạng. Không chỉ sầu Thái, các dòng sầu Việt Nam năm nay cũng có tỉ lệ hàng dạt mini nhiều. Người dân mua chủ yếu vì tò mò và vừa túi tiền.",04/06/2024 19:49 GMT+7,https://tuoitre.vn/thuc-hu-sau-thai-ti-hon-dang-hot-trend-gia-khong-toi-100-000-dong-mot-trai-20240604185525322.htm,"Theo nhiều chủ kinh doanh, sầu riêng Thái Lan mini hay sầu Thái tí hon 'hot trend' giá rẻ chủ yếu là hàng dạt Thái Lan hoặc sầu giống Thái trồng ở Việt Nam."
"Lại phát hiện một cá nhân thao túng thị trường chứng khoán, phạt ngay nửa tỉ đồng","Ủy ban Chứng khoán Nhà nước vừa ban hành xử phạt vi phạm hành chính đối với ông Nguyễn Thanh Tùng có địa chỉ tại chung cư Ecohome 2, quận Bắc Từ Liêm, Hà Nội. Theo đó, ông này bị phạt tiền 575 triệu đồng do đã có hành vi thao túng thị trường chứng khoán. Cụ thể, trong khoảng thời gian từ ngày 13-12-2019 đến ngày 16-7-2020, ông Nguyễn Thanh Tùng đã sử dụng 5 tài khoản mua, bán cổ phiếu HCI nhằm mục đích tạo cung cầu giả tạo, thao túng thị trường chứng khoán đối với cổ phiếu này. Tuy nhiên, Ủy ban Chứng khoán Nhà nước cho biết cá nhân nêu trên không có số lợi bất hợp pháp thu được từ hành vi thao túng cổ phiếu. HCI là cổ phiếu của CTCP Đầu tư xây dựng Hà Nội. Thị giá cổ phiếu này đi ngang ở vùng 11.000 đồng từ đầu tháng 4 đến nay. Nhiều phiên liên tiếp gần đây cổ phiếu này không có thanh khoản. Trước đó, Ủy ban Chứng khoán Nhà nước cũng đã quyết định xử phạt vi phạm hành chính đối với 4 cá nhân do có hành vi thao túng cổ phiếu PSH của CTCP thương mại đầu tư dầu khí Nam Sông Hậu (NSH Petro). Theo đó, ông Mai Hữu Phúc, bà Võ Như Thảo, bà Đỗ Thủy Tiên và ông Trần Minh Hoàng phải nộp phạt 1,5 tỉ đồng mỗi người. Ngoài ra, các cá nhân này còn bị cấm giao dịch chứng khoán từ 2-3 năm. Tương tự vụ thao túng cổ phiếu HCI nêu trên, kết quả kiểm tra khoản thu trái pháp luật có được do thực hiện hành vi vi phạm của 4 cá nhân vụ cổ phiếu PSH cũng không có khoản thu trái pháp luật. Theo báo cáo quản trị của NSH Petro, ông Mai Hữu Phúc là con trai ông Mai Văn Huy - chủ tịch công ty.  Ông Phúc mới thôi giữ chức phó tổng giám đốc NSH Petro kể từ ngày 24-5 vừa qua.",04/06/2024 19:45 GMT+7,https://tuoitre.vn/lai-phat-hien-mot-ca-nhan-thao-tung-thi-truong-chung-khoan-phat-ngay-nua-ti-dong-20240604185626458.htm,"Ủy ban Chứng khoán liên tiếp xử phạt các hành vi thao túng thị trường chứng khoán. Việc tăng cường xử lý thúc đẩy thị trường thêm minh bạch, bền vững."
"Doanh thu vài tỉ đồng nhưng một cổ phiếu tăng giá 100%, top 'siêu đắt' sàn chứng khoán","Doanh thu thuần vài tỉ đồng, nhưng VEF lãi rất khủng? Kết ngày 4-6, cổ phiếu VEF của CTCP Trung tâm Hội chợ triển lãm Việt Nam (VEFAC) quay đầu giảm sau nhiều phiên tăng tốt, thị giá về mức 224.000 đồng/CP. Thống kê từ đầu năm đến nay, cổ phiếu VEF tăng hơn 100%, đi từ vùng giá 111.000 đồng lên 229.900 đồng trước khi điều chỉnh về mức hôm nay. 3 sàn có hàng nghìn cổ phiếu, nhưng số mã thị giá ""3 số"" hiện trên bảng điện tử chiếm khá thưa thớt. Thị giá nêu trên được tính cuối phiên ngày 4-6. Thị giá cao, tính đến ngày 4-6, giá trị vốn hóa VEF đạt hơn 37.318 tỉ đồng (1,46 tỉ USD), tăng gấp đôi so với đầu năm. Tại báo cáo thường niên năm 2023, VEF cho biết có hai dự án đang triển khai ở Đông Anh có tổng diện tích hơn 300ha, cách trung tâm Hà Nội 15km, gồm: dự án trung tâm hội chợ triển lãm quốc gia và dự án khu đô thị mới Đông Anh. Ngoài ra, VEF còn có dự án tổ hợp trung tâm thương mại dịch vụ hỗn hợp tại 148 Giảng Võ, Hà Nội... Về tình hình kinh doanh, VEF có doanh thu thuần từ cung cấp dịch vụ chỉ vài tỉ đồng, nhưng lợi nhuận sau thuế hàng trăm tỉ đồng nhờ doanh thu tài chính cao. Như tại báo cáo tài chính năm 2023, doanh thu thuần cả năm VEF đạt 8,99 tỉ đồng, gấp hơn 9 lần so với năm trước. Tuy nhiên, doanh thu hoạt động tài chính (chủ yếu từ lãi tiền gửi, tiền cho vay) lại đạt 564 tỉ đồng, năm ngoái cũng ghi nhận 512 tỉ đồng. Nhờ vậy, dù lỗ gộp về cung cấp dịch vụ, nhưng VEF vẫn báo lãi sau thuế hơn 434 tỉ đồng, tăng gần 36%. Sang đến quý 1-2024, doanh thu thuần từ cung cấp dịch vụ của VEF hơn 268 triệu đồng, giảm 88% cùng kỳ, doanh thu tài chính đạt gần 125 tỉ đồng. Kết quả, lợi nhuận sau thuế đạt 91,6 tỉ đồng, giảm hơn 10%. Với mức vốn hóa nêu trên, VEF nằm trong câu lạc bộ các doanh nghiệp vốn hóa tỉ USD trên sàn UpCOM, sau những ""ông lớn"" nổi tiếng ""bề thế"" như Tổng công ty Cảng hàng không Việt Nam - ACV (252.500 tỉ đồng) hay Viettel Global - VGI (278.800 tỉ đồng)… Cũng cần nói thêm, ACV hay VGI đều có tốc độ tăng giá tốt trên sàn UPCoM từ đầu năm đến nay. Như ACV, thị giá tăng hơn 80%, còn VGI tăng tới hơn 250%. Những 'ngôi sao' tăng giá tới 100% trong 1 tháng trên UPCoM, HNX Thống kê từ Sở Giao dịch chứng khoán Hà Nội, sàn UPCoM diễn biến sôi động về thanh khoản trong tháng 5 vừa qua. Cụ thể, giá trị giao dịch bình quân đạt hơn 1.327 tỉ đồng/phiên, tăng 93,43% so với tháng 4 liền trước. Về biến động giá cổ phiếu, tăng giá mạnh nhất tháng 5 theo xếp hạng của HNX là mã chứng khoán ALV của CTCP xây dựng ALVICO với giá đóng cửa cuối kỳ đạt 10.900 đồng, tăng 122,45% so với cuối tháng trước. Tiếp theo là VLP của CTCP Công trình công cộng Vĩnh Long với giá đóng cửa đạt 200 đồng, tăng 100%. Trong nhóm tăng giá mạnh nhất còn có cổ phiếu BSD của Công ty CP Bia, rượu Sài Gòn, SAC của Công ty CP Xếp dỡ và dịch vụ Sài Gòn, AAH của CTCP Hợp Nhất. Còn trên sàn HNX, giá cổ phiếu trong tháng 5 tăng nhưng giảm nhẹ về thanh khoản so với tháng trước. Giá trị giao dịch bình quân đạt 1.976 tỉ đồng/phiên, giảm 4,6%. Về giá giao dịch, tăng giá mạnh nhất là mã chứng khoán API của CTCP đầu tư Châu Á - Thái Bình Dương với giá đóng cửa tháng 5 tăng 168,29% (tương đương 6.900 đồng/CP), đạt 11.000 đồng/CP so với cuối tháng trước. Đứng thứ 2 là cổ phiếu HMR của Công ty CP đá Hoàng Mai với mức tăng 108,28% (tương ứng 18.300 đồng/CP), đạt 9.300 đồng/CP. Tiếp sau đó là cổ phiếu IDJ của CTCP đầu tư IDJ Việt Nam có mức tăng 73,91% (tương ứng 3.400 đồng/CP) đạt 8.000 đồng/CP. Tiếp đến là cổ phiếu APS của CTCP chứng khoán Châu Á - Thái Bình Dương có mức tăng 66,04% (tương ứng 3.500 đồng/CP) đạt 8.800 đồng/CP. Như vậy, cả 3 cổ phiếu ""họ"" APEC đều trở thành ""ngôi sao"" tăng giá tháng này. ",04/06/2024 19:43 GMT+7,https://tuoitre.vn/doanh-thu-vai-ti-dong-nhung-mot-co-phieu-tang-gia-100-top-sieu-dat-san-chung-khoan-20240604173327179.htm,"Dòng tiền chảy vào thị trường UPCoM tốt hơn thời gian qua, đẩy giá nhiều cổ phiếu tăng tốt. Có cổ phiếu thuộc “top” đắt đỏ trên sàn chứng khoán và đã tăng giá cả 100% kể từ đầu năm đến nay."
Pacific Airlines sắp có máy bay trở lại,"Vietnam Airlines sẽ chuyển tàu sang Pacific Airlines Nguồn tin Tuổi Trẻ Online tại Vietnam Airlines, giữa Vietnam Airlines và Pacific Airlines đang thỏa thuận đến bước cuối cùng để chuyển tàu bay sang Pacific Airlines trong tháng 6-2024 nhằm tiếp tục hoạt động. Vietnam Airlines đang sở hữu Pacific Airlines, tức là công ty mẹ. Tháng 3-2024, Pacfic Airlines thỏa thuận với chủ tàu xóa nợ hơn 3.000 tỉ đồng. Hãng buộc phải trả tất cả tàu tại Việt Nam cho chủ tàu. Do đó, hơn hai tháng qua, Pacific Airlines là hãng bay duy nhất Việt Nam hoạt động nhưng không có máy bay khai thác. Cục Hàng không Việt Nam đã ra nhiều văn bản, thúc Vietnam Airlines và Pacific Airlines tiến hành phương án để tiếp tục khai thác, sớm trở lại phục vụ khách hàng.  Tuy nhiên, giữa hai hãng vẫn còn nhiều vướng mắc trong cơ chế giá thuê, phương án chuyển tàu khai thác... Cuối tháng 6-2024, theo nguồn tin Tuổi Trẻ Online, Vietnam Airlines đã thống nhất chuyển một máy bay sang Pacific Airlines để khai thác. Pacific Airlines đang xây dựng kế hoạch thuê khô (chỉ thuê máy bay, không gồm tổ lái) 3 máy bay từ Vietnam Airlines để duy trì số lượng tàu tối thiểu nhằm giữ giấy chứng nhận người khai thác tàu bay (AOC). Mở rộng phục vụ dịch vụ mặt đất cho ba hãng bay Trong quá trình tạm dừng bay, Pacific Airlines vẫn ""sáng đèn"" duy trì lực lượng lao động nhờ phục vụ mặt đất cho Bamboo Airways, Vietstar, Vasco. Từ ngày 1-6, Pacific Airlines mở rộng dịch vụ, cung cấp xe chở khách cho Công ty bay dịch vụ hàng không VASCO - đơn vị thành viên trong Vietnam Airlines Group (Vietnam Airlines, Pacific Airlines, Vasco).  Bình quân mỗi ngày VASCO khai thác khoảng 20 chuyến bay đi và đến sân bay Tân Sơn Nhất, các ngày cao điểm cuối tuần số chuyến bay tăng lên gần 30 chuyến đi và đến mỗi ngày. Theo các hãng bay, tình trạng thiếu máy bay đang diễn ra căng thẳng, tải cung ứng giảm nên giá vé máy bay sẽ khó giảm như kỳ vọng. Vietnam Airlines, Vietjet đang dừng bay trên hơn chục tàu để bảo dưỡng động cơ trên máy bay Airbus A321neo, có thể đến năm sau mới hoàn tất.  Bamboo Airways sau tái cấu trúc giảm từ 30 hiện còn 5 máy bay, Vietravel Airlines có 3 máy bay.  Cùng với đó, chi phí nhiên liệu bay vẫn neo cao, tỉ giá tăng mạnh cũng ảnh hưởng lớn hoạt động của các hãng. Để tăng thêm máy bay, cải thiện năng lực cung ứng trên thị trường nội địa theo các hãng lúc này cũng gần như bất khả thi khi cả thế giới cũng thiếu máy bay. Ông Trương Việt Cường - phó tổng giám đốc Bamboo Airways - dẫn ví dụ giai đoạn Tết, Bamboo Airways thuê ướt tàu (gồm cả phi công, tiếp viên) với giá 3.000 USD một giờ, thì hiện nay tăng đến 4.500 USD một giờ nhưng cũng không thể tìm được tàu.  Thuê ướt đã khó như vậy thì thuê khô càng không có hy vọng.",04/06/2024 19:41 GMT+7,https://tuoitre.vn/pacific-airlines-sap-co-may-bay-tro-lai-20240604175549421.htm,"Sau thương vụ xóa nợ 3.000 tỉ đồng, đóng góp vào lợi nhuận đột biến cho Vietnam Airlines trong quý 1-2024, Pacific Airlines không còn máy bay hoạt động. Hai tháng qua, hãng đã xoay xở, phục vụ mặt đất cho ba hãng bay, sắp có tàu trở lại."
"4 tháng, người Việt chi 2.000 tỉ đồng mua cá hồi, saba, cua nâu... từ Na Uy","Thông tin này được ông Asbjørn Warvik Rørtveit, giám đốc khu vực Đông Nam Á của Hội đồng Thủy sản Na Uy, cho biết tại lễ ký kết thỏa thuận hợp tác giữa Hội đồng Thủy sản Na Uy với WinCommerce diễn ra tại Hà Nội ngày 4-6. Theo ông Asbjørn, hiện Việt Nam là thị trường nhập khẩu hải sản Na Uy lớn thứ hai trong khu vực Đông Nam Á.  Trong giai đoạn 2020 - 2023, giá trị nhập khẩu của Việt Nam tăng trưởng 113%, nếu như năm 2020 Việt Nam chi khoảng 95 triệu USD để nhập khẩu thì đến năm 2023 đã tăng lên khoảng 210 triệu USD. ""Tính riêng 4 tháng đầu năm nay, Việt Nam đã chi khoảng 80 triệu USD (khoảng 2.000 tỉ đồng) để nhập khẩu khoảng 21.300 tấn hải sản từ Na Uy.  Trong bối cảnh thị trường toàn cầu sụt giảm 15% thì đây là sự tăng trưởng ấn tượng, Việt Nam nổi lên như một thị trường quan trọng đối với hải sản Na Uy"" - ông Asbjørn nói và cho biết riêng mặt hàng cá hồi tăng trưởng 44% về lượng và 103% về giá trị so với năm 2021. Ông Asbjørn cũng tiết lộ cá saba Na Uy tăng trưởng ấn tượng.  Nếu như năm 2020 Việt Nam chỉ nhập khoảng 19.000 tấn thì năm 2023 con số này đã tăng lên hơn 30.000 tấn. Nói về việc ký kết với WinCommerce, ông Asbjørn cho biết mục tiêu lớn nhất của hợp tác này là giúp cho người tiêu dùng Việt truy suất nguồn gốc, chất lượng hải sản Na Uy thông qua nhãn hiệu ""Seafood from Norway"" (Hải sản từ Na Uy). Ông Nguyễn Tiến Dũng, phó tổng giám đốc chuỗi Winmart, cho rằng Na Uy từ lâu đã nổi tiếng với chất lượng hải sản tươi ngon, dinh dưỡng hàng đầu thế giới. Đây là một trong những quốc gia xuất khẩu hải sản lớn nhất và có chuỗi giá trị phát triển tốt nhờ áp dụng những quy định và kiểm soát nghiêm ngặt trong quá trình đánh bắt và nuôi trồng tự nhiên, áp dụng các phương pháp với giá trị cốt lõi như phát triển bền vững, bảo vệ môi trường, nâng cao giá trị kinh tế và uy tín của thủy hải sản quốc gia trên toàn cầu. ""Hải sản Na Uy, đặc biệt là cá hồi và cua nâu ngày càng phổ biến và được nhiều người tiêu dùng Việt lựa chọn, cho thấy tiềm năng vô cùng mạnh mẽ của thị trường Việt Nam"" - ông Dũng nói và cho biết trong năm vừa qua, với tổng sản lượng tiêu thụ cá hồi và cua nâu lên tới hơn 1.000 tấn.  Hải sản Na Uy luôn nằm trong danh sách những mặt hàng nhập khẩu được khách hàng yêu thích. Theo ông Dũng, sự hợp tác giữa WinCommerce với Hội đồng Hải sản Na Uy là minh chứng cho cam kết của chúng tôi trong việc mang đến cho khách hàng những sản phẩm chất lượng. Ông Dũng cũng tin rằng người tiêu dùng Việt Nam xứng đáng sử dụng những sản phẩm hải sản Na Uy có chất lượng tốt nhất, đáp ứng các tiêu chuẩn quốc tế với giá cả hợp lý.",04/06/2024 19:31 GMT+7,https://tuoitre.vn/4-thang-nguoi-viet-chi-2-000-ti-dong-mua-ca-hoi-saba-cua-nau-tu-na-uy-20240604190041628.htm,"Việt Nam đang có xu hướng ăn nhiều cá hồi, saba, cua nâu, cua hoàng đế... của Na Uy và 4 tháng đầu năm nay Việt Nam đã chi khoảng 2.000 tỉ đồng để nhập khẩu hải sản từ quốc gia này."
Quảng bá bằng truyền thông quốc tế: Sản phẩm độc đáo là chưa đủ," Hậu trường những buổi ""đàm phán"" đưa thương hiệu quê hương Quảng Bình xuất hiện trên các kênh truyền thông quốc tế lớn, hay những bộ phim Hollywood bom tấn cho đến MV của ca sĩ nổi tiếng Alan Walker, đã lần đầu tiên được ông Nguyễn Châu Á - CEO Oxalis tiết lộ trong buổi trò chuyện thân tình với host Nguyễn Tiến Huy - Tổng giám đốc Pencil Group, trưởng ban nội dung CSMO Miền Nam, ở tập 7 của chương trình talkshow ""Đi cùng thương hiệu - Walk and Talk"" mùa 2. Sản phẩm độc đáo, con người chân thành Xuất thân là hướng dẫn viên du lịch quốc tế nhưng ông Nguyễn Châu Á có kinh nghiệm làm việc từ chuyên viên kiểm toán cao cấp cho PwC cho đến chuyên viên cao cấp về CSR cho Nike Việt Nam. Đến năm 2011, khi đang là Giám đốc điều hành OneStep Vietnam - Công ty chuyên về kiểm toán xã hội, phát triển bền vững ở Việt Nam và Đông Nam Á, ông đã quyết định trở về quê hương Quảng Bình để phát triển du lịch, thành lập công ty Oxalis Adventure. Và bước ngoặt cho sự thay đổi này là cơn lũ lịch sử năm 2010. Khi chứng kiến những mái nhà thấp thoáng trong làn nước lũ đục ngầu, người dân địa phương trong đó có cả ba mẹ ông phải đi tránh lũ, đã khiến ông đau đáu một suy nghĩ:  ""Tại sao ở Phong Nha có nhiều cảnh quan hùng vĩ mà người dân vẫn đói nghèo? Nhà thì lụp xụp nên mỗi lần lụt là người dân không biết đi đâu. Điều đó thôi thúc tôi tạo ra sản phẩm độc đáo, hấp dẫn du khách đến mảnh đất quê hương Quảng Bình và phần nào đó tạo công ăn việc làm cho người dân địa phương"". Với tư duy làm du lịch khác biệt, ông Nguyễn Châu Á lựa chọn mô hình du lịch mạo hiểm thông qua khám phá, cắm trại qua đêm tại hang động: ""Đó gần như là điều mà cả thế giới chưa ai làm, chứ không riêng Việt Nam"", ông khẳng định. Thế nhưng, chỉ độc đáo là chưa đủ. CEO Oxalis còn đặt ra số lượng du khách giới hạn tham gia trên mỗi tour. Điển hình là tour thám hiểm hang Sơn Đoòng chỉ nhận tối đa 1.000 khách/năm. Chiến lược tạo sự ""khan hiếm"" về nguồn cung không chỉ là bài toán kinh doanh hiệu quả mà còn góp phần phát triển bền vững, hạn chế tối đa tác động của con người đến tự nhiên. Khi đã có trong tay sản phẩm du lịch ""độc và hiếm"", Oxalis bắt đầu thực hiện chiến lược quảng bá thương hiệu ra thế giới. Bước đầu tiên là mang vẻ đẹp ẩn giấu của hang Sơn Đoòng ra ""ánh sáng"". Sự bùng nổ của hang Sơn Đòong trên truyền thông quốc tế đã trở thành bước đệm và là tư liệu để ông và Oxalis tiếp tục đàm phán với các hãng truyền thông quốc tế lớn. Cứ thế, Oxalis từng bước tiếp cận các đoàn làm phim lớn như đội ngũ sản xuất MV của Alan Walker hay gần đây nhất là dự án phim tài liệu Planet Earth III của đài BBC. Quá trình thương lượng với những ""ông lớn"" truyền thông không hề dễ dàng. Cũng như lần hợp tác cùng Legendary - đơn vị sản xuất bộ phim bom tấn ""Kong: Đảo đầu lâu"", khi quá trình khảo sát gần như hoàn tất, con đường dẫn vào địa điểm quay vào mùa lầy lụt, chặn đứng những chiếc xe container chở thiết bị, máy móc.  Ông Châu Á kể: ""Khi đó đạo diễn bảo với tôi rằng họ có thể sẽ chuyển sang Trung Quốc để quay. Lúc đó, tôi thực sự hoang mang"". Với mong muốn chân thành là Việt Nam được xuất hiện trên phim Hollywood và được thế giới biết đến. CEO Oxalis đã có những buổi thượng lượng để tìm ra giải pháp thực hiện.  ""Qua tìm hiểu, tôi biết Legendary luôn mong muốn đóng góp cho người dân địa phương ở mỗi bối cảnh họ đi qua. Vì vậy, sau đó tôi đề nghị họ chi trả phần chi phí xây dựng con đường, Như vậy, họ sẽ có được ""tiếng thơm"" về trách nhiệm với cộng đồng"", ông Châu Á nhớ lại. Và cuối cùng, ông nhận được câu trả lời là Legendary sẽ chi trả toàn bộ chi phí xây dựng con đường, đồng thời vẫn lựa chọn Tú Làn là địa điểm ghi hình.  Cũng từ đó, CEO này nhận ra rằng đôi khi tiền không phải vấn đề. Ta phải đặt mình vào cùng hệ quy chiếu với đối tác để từ đó có được chiến lược thương lượng hợp lý. Trong đó, chân thành là yếu tố quyết định sự thành - bại trong hợp tác. Đắt nhưng xứng đáng Nhìn lại chặng đường 13 năm phát triển, ông Châu Á khẳng định sự kiên trì, chân thành và nỗ lực của từng cá nhân không chỉ tạo nên thương hiệu công ty mà còn của cả vùng đất này. Trước kia, ngoài trồng lúa, người dân Phong Nha sống bằng nghề khai thác gỗ và săn bắt thú rừng cung cấp cho miền xuôi. Tâm sự về khó khăn khi sử dụng nhân lực địa phương, ông Châu Á khẳng định: ""Không dễ để một anh ""lâm tặc"" chuyển sang bưng nước, nấu cơm, phục vụ du khách. Đó là hai thế giới hoàn toàn khác"". Suốt 6 tháng đầu, CEO phải kiêm luôn công việc hướng dẫn, nấu nướng cho khách, kể cả lái xe để ""làm mẫu"" cho nhân viên. Dần dần, công ty với vỏn vẹn 3 thành viên ban đầu, tới nay đã tạo được công ăn việc làm ổn định trực tiếp cho hơn 500 lao động địa phương. 1 trong 3 tôn chỉ xuyên suốt hoạt động kinh doanh của Oxalis là có sự tham gia của người dân địa phương. Danh hiệu ""Làng du lịch tốt nhất thế giới năm 2023"" do Tổ chức du lịch thế giới (UNWTO) trao cho làng Tân Hóa là một trong lộ trình đưa cả cộng đồng địa phương cùng phát triển và hưởng lợi từ du lịch. Chỉ trong một năm chuyển mình làm du lịch, Tân Hóa đã đáp ứng hàng trăm tiêu chuẩn khắt khe của UNWTO, từ những việc nhỏ như xử lý chất thải đến việc lớn là đáp ứng đúng ý nghĩa của du lịch cộng đồng. Điểm nhấn của làng Tân Hóa là các homestay tiện nghi được trang hoàng từ những căn nhà phao chống lũ của người dân, đáp ứng tiêu chí thích ứng thời tiết, biến đổi khí hậu. Ông Châu Á khẳng định: ""Sự tham gia của cộng đồng địa phương là chiến lược kinh doanh của công ty. Chúng tôi không xem đó là công cụ để quảng bá và phục vụ mục đích bán hàng"". ""Mặc dù các tour của Oxalis có giá rất cao nhưng sau hành trình đó, du khách đều cho là xứng đáng. Vì họ hiểu đồng tiền không chỉ ‘chui’ vào túi của Oxalis mà còn của cả nhiều người dân nghèo. Ngày xưa, họ không có tiền để cho con cái đi học. Giờ đây, nhiều đứa trẻ đã lên Đại học, thậm chí quay trở lại làm việc tại Oxalis với vai trò hướng dẫn viên du lịch"", ông Châu Á cho biết. Mời bạn đọc xem tập 7 của talkshow ""Đi cùng thương hiệu: Walk&Talk"" mùa 2 ",04/06/2024 19:30 GMT+7,https://tuoitre.vn/quang-ba-bang-truyen-thong-quoc-te-san-pham-doc-dao-la-chua-du-20240604180706088.htm,"Năm 2015, lần đầu tiên vẻ đẹp kỳ vĩ và độc đáo của hang Sơn Đoòng (Quảng Bình) xuất hiện trong chương trình truyền hình nổi tiếng “Chào buổi sáng nước Mỹ” của kênh truyền hình ABC."
Hải Phòng có tân cục trưởng Cục Thuế thành phố,"Ngày 4-6, tại Cục Thuế thành phố Hải Phòng, Tổng cục Thuế tổ chức hội nghị công bố quyết định điều động, bổ nhiệm cục trưởng Cục Thuế thành phố Hải Phòng. Theo đó, Tổng cục Thuế quyết định điều động, bổ nhiệm ông Nguyễn Tiến Trường - phó cục trưởng Cục Thuế thành phố Hà Nội - giữ chức vụ cục trưởng Cục Thuế thành phố Hải Phòng. Đồng thời điều động, bổ nhiệm ông Hà Văn Trường - cục trưởng Cục Thuế thành phố Hải Phòng - giữ chức vụ cục trưởng Cục Thuế tỉnh Quảng Ninh. Tại hội nghị, ông Mai Xuân Thành - tổng cục trưởng Tổng cục Thuế - ghi nhận và đánh giá cao quá trình công tác của ông Nguyễn Tiến Trường tại Cục Thuế thành phố Hà Nội. Ông Thành mong muốn trên cương vị công tác mới, ông Trường sẽ tiếp tục trau dồi kinh nghiệm, năng lực lãnh đạo, phát huy tinh thần đoàn kết cùng tập thể lãnh đạo và công chức, viên chức Cục Thuế thành phố Hải Phòng hoàn thành xuất sắc nhiệm vụ được giao.",04/06/2024 19:28 GMT+7,https://tuoitre.vn/hai-phong-co-tan-cuc-truong-cuc-thue-thanh-pho-20240604190427766.htm,"Phó cục trưởng Cục Thuế thành phố Hà Nội Nguyễn Tiến Trường được điều động, bổ nhiệm làm cục trưởng Cục Thuế thành phố Hải Phòng."
"'Tôi muốn bộ trưởng trả lời thẳng, livestream doanh thu trăm tỉ bộ có biết không?'","Là một trong những đại biểu đầu tiên đặt câu hỏi chất vấn với bộ trưởng Công Thương tại phiên chất vấn và trả lời chất vấn ngày 4-6 về việc bán hàng livestream trên trang mạng, mạng xã hội xôn xao với những livestream bán hàng với doanh thu hàng trăm tỉ đồng mỗi ngày, đại biểu Đỗ Chí Nghĩa (Phú Yên) đặt câu hỏi thông tin được quảng bá này có đúng hay không. Đồng thời, việc quản lý chất lượng sản phẩm trên các kênh này thế nào? Hai lần đại biểu chất vấn về việc quản lý hoạt động livestream Đặc biệt là tình trạng giá bán sản phẩm qua thương mại điện tử đang thấp hơn nhiều giá bán buôn cho các đại lý, gây bất ổn thị trường. Vậy cơ quan quản lý nhận định thế nào và hướng xử lý ra sao? Học hỏi kinh nghiệm nào trên thế giới để xử lý vấn đề này? Tuy nhiên, trong phần trả lời đầu tiên, Bộ trưởng Nguyễn Hồng Diên chưa trả lời câu hỏi này, mặc dù đã được Chủ tịch Quốc hội “nhắc bài”. Vì vậy, đại biểu Đỗ Chí Nghĩa phải dùng quyền tranh luận để nhắc lại câu hỏi và phân tích thêm, đang có những bất cập trong quản lý các cá nhân bán hàng, livestream trên các trang mạng xã hội. Bởi theo quan điểm của đại biểu Nghĩa, dù bộ trưởng nói nhiều về quản lý sàn thương mại điện tử nhưng đây là những sàn có định danh, đăng ký nên quản lý tương đối dễ. Trong khi các cá nhân bán hàng là “vấn đề đáng lo” bởi doanh thu hàng trăm tỉ mỗi ngày là “vấn đề lớn chứ không phải là vấn đề nhỏ”. Dẫn lại lời của Bộ trưởng Nguyễn Hồng Diên về những giải pháp nêu ra là xóa trang này, nhưng có thể lập trang mới lại rất dễ dàng, đại biểu Nghĩa đặt câu hỏi: nếu chúng ta cứ đuổi theo như vậy thì làm sao giải quyết được dứt điểm vấn đề này? Theo đại biểu, nếu đi không đúng hướng thì cơ quan quản lý sẽ hết sức vất vả, luôn luôn đuổi theo ""ma hồn trận"" rất khó khăn mà người tiêu dùng lãnh đủ, cơ quan thuế thất thu. “Tôi muốn bộ trưởng trả lời thẳng câu hỏi, là với livestream vừa rồi bộ có biết không, nhận định đó là thật hay ảo và việc bảo vệ quyền lợi người tiêu dùng thế nào, có kinh nghiệm quốc tế gì và bộ đã tham khảo hay chưa?” - ông Nghĩa nói. Cùng nội dung này, đại biểu Tạ Văn Hạ (Quảng Nam) cũng dành quyền tranh luận này với bộ trưởng khi chỉ ra thực trạng hiện các đơn hàng có nguy cơ hàng giả, hàng nhái kém chất lượng được thực hiện trên các nền tảng thương mại điện tử, được chuyển qua biên giới đang diễn ra nhưng chế tài xử lý chưa có. ""Đặc biệt là những người kinh doanh livestream ở thành phố lớn, hàng hóa để ở áp sát biên giới, khi được thông quan vận chuyển qua vận tải, chuyển phát nhanh. Vậy vướng theo quy định luật bưu chính viễn thông kiểm tra hàng hóa là không bắt buộc, nên xử lý gặp khó khăn"" - đại biểu Hạ đặt câu hỏi làm thế nào khắc phục triệt để tình trạng này. Trả lời câu hỏi của đại biểu Đỗ Chí Nghĩa, Bộ trưởng Nguyễn Hồng Diên cho hay với những trường hợp phát hiện vi phạm sẽ hoàn tất hồ sơ chuyển sang cơ quan chức năng xem xét xử lý theo quy định pháp luật. Để quản lý hoạt động livestream, sẽ phải phối kết hợp giữa các lực lượng chức năng, rà soát quy định pháp luật, làm tốt công tác truyền thông, giúp người tiêu dùng nhận thức và tránh hiện tượng như vậy. Xóa ngay trang nếu phát hiện vi phạm  Nội dung này khi trả lời đại biểu Tạ Văn Hạ, Bộ trưởng Nguyễn Hồng Diên cũng nhìn nhận việc quản lý hoạt động bán hàng trên môi trường thương mại điện tử, quản lý livestream là thực sự khó khăn. Bởi để quản lý được không chỉ là trách nhiệm ngành công thương mà còn nhiều ngành như thông tin truyền thông, tài chính… Theo đó, ông Diên nêu ra giải pháp là cần có sự phối hợp giữa các cơ quan chức năng, trong đó Bộ Công Thương có vai trò chủ trì phối hợp. Trọng tâm là lực lượng quản lý thị trường thực hiện đấu tranh và làm rõ hành vi sai phạm, tìm các địa điểm đối tượng này tập kết hàng hóa, giao dịch để kiểm tra, kiểm soát và xử lý... Các bộ ngành cũng cần đẩy mạnh chia sẻ dữ liệu thông tin giữa các cơ quan chức năng, chống thất thu thuế. Bởi theo ông Diên, hoạt động này biến hóa khôn lường nên quy định pháp luật cần tiếp tục rà soát và sửa đổi bổ sung cho phù hợp vì đây là lĩnh vực mới. Cùng đó là việc cần phát huy vai trò của hệ thống chính trị, bởi việc mua bán giao dịch cuối cùng cũng không thể ""lọt"" được lưới trời, sự phát hiện của người dân. Vì vậy cần phát huy vai trò quản lý của chính quyền địa phương xem xét xử lý ban đầu. Trường hợp chứng minh được vi phạm pháp luật sẽ xóa vĩnh viễn các trang này, hoặc yêu cầu chủ phòng livestream chịu trách nhiệm trước pháp luật, sẽ từng bước giảm tình trạng này.",04/06/2024 18:36 GMT+7,https://tuoitre.vn/toi-muon-bo-truong-tra-loi-thang-livestream-doanh-thu-tram-ti-bo-co-biet-khong-20240604181938493.htm,"Việc livestream bán hàng thu về hàng trăm tỉ và tình trạng bán hàng trên mạng với nguy cơ hàng giả, hàng nhái được kiểm soát, quản lý ra sao được các đại biểu đặt ra và liên tục chất vấn bộ trưởng Công Thương."
Cục trưởng Cục Trồng trọt nói về việc doanh nghiệp bỏ thầu gạo xuất khẩu giá thấp,"Ông Nguyễn Như Cường, cục trưởng Cục Trồng trọt (Bộ Nông nghiệp và Phát triển nông thôn), đã nhấn mạnh như vậy khi trao đổi với Tuổi Trẻ Online, liên quan đến việc một số doanh nghiệp bỏ thầu gạo xuất khẩu giá thấp. Theo ông Cường, vấn đề này cần khép lại nhưng Hiệp hội Lương thực Việt Nam, Hiệp hội Ngành hàng lúa gạo Việt Nam phải ngồi lại với doanh nghiệp thành viên cũng như cơ quan quản lý nhà nước liên quan để định hướng, tìm ra một hướng đi cho ngành hàng lúa gạo Việt Nam từ sản xuất đến tiêu thụ, đặc biệt là xuất khẩu, tạo dựng hình ảnh hạt gạo Việt Nam. Không ảnh hưởng quyền lợi người nông dân * Vừa qua có những lo ngại liên quan đến việc doanh nghiệp Việt Nam bỏ thầu giá gạo xuất khẩu thấp, quan điểm của ông như thế nào về việc này? - Chúng tôi cũng có thông tin về 4 công ty tham gia đấu thầu cung cấp gạo cho Indonesia và giá bỏ thầu được dư luận cho rằng là thấp. Tuy nhiên quan điểm của tôi là công ty sinh ra để tìm kiếm lợi nhuận, xây dựng doanh nghiệp phát triển bền vững, không một doanh nghiệp nào chủ ý bỏ giá thấp để mình thua lỗ. Việc bỏ thầu của công ty phụ thuộc vào vấn đề tài chính, tín dụng, nguồn hàng và có thể họ có những dự báo về nguồn cung, giá gạo trong nước cũng như thế giới thời gian tới. Cũng phải nói thêm rằng giá này không phải giao ngay vào thời điểm bỏ thầu mà sẽ giao trong khoảng từ tháng 7-8. Khi đó giá lúa gạo Việt Nam và thế giới có thể sẽ thay đổi nên việc đánh giá doanh nghiệp bỏ thầu giá thấp hay giá cao rất khó. * Việc bỏ thầu giá xuất khẩu thấp liệu ảnh hưởng tới lợi nhuận của người trồng lúa và tác động giá lúa gạo trong nước không? - Năm 2023 Việt Nam xuất khẩu trên 8 triệu tấn gạo, còn 5 tháng đầu năm nay chúng ta đã xuất khẩu 4,15 triệu tấn gạo. Trong đợt đấu thầu này, có 4 công ty chúng ta trúng thầu khoảng 130.000 tấn gạo, với lượng và giá đấu thầu như vậy liệu có ảnh hưởng đến giá lúa gạo hay không thì cần phải đánh giá kỹ lại, nhưng quan điểm của tôi cho rằng không có tác động đáng kể. Đối với lợi nhuận người trồng lúa, tôi cho rằng không đồng nghĩa với việc doanh nghiệp bán giá cao thì sẽ mua lúa của nông dân với giá cao hay doanh nghiệp bán giá thấp thì mua lúa nông dân với giá thấp. Việc mua bán lúa với nông dân là tuân theo thị trường. Do vậy, tôi cho rằng việc bỏ thầu của 4 doanh nghiệp vừa rồi không ảnh hưởng quyền lợi người nông dân. Cùng ngồi lại để tìm hướng đi chung cho ngành hàng lúa gạo Việt Nam * Theo ông, đâu là nguyên nhân dẫn của sự việc này? - Ngành hàng lúa gạo có khoảng 200 doanh nghiệp và có nhiều doanh nghiệp nhỏ, không có liên kết dẫn đến chi phí có thể cao, giá thành cao và tự cạnh tranh lẫn nhau. Vấn đề quan trọng hiện nay là chúng ta nên khép lại các cuộc tranh cãi và các bên phải ngồi lại với nhau để thảo luận, tìm giải pháp để tìm ra một hướng đi cho ngành hàng lúa gạo Việt Nam từ sản xuất đến tiêu thụ, đặc biệt là xuất khẩu để tạo hình ảnh chung hạt gạo Việt Nam trên thị trường thế giới. Chúng ta phải cùng nhau đoàn kết, thống nhất để bước chân ra thị trường quốc tế chứ không thể sa đà và những vụ việc như vừa rồi. * Hiện có Hiệp hội Lương thực Việt Nam và Hiệp hội Ngành hàng lúa gạo, ngoài việc bảo vệ quyền lợi của doanh nghiệp, thì hiệp hội cũng phải có trách nhiệm bảo vệ quyền lợi ngành hàng lúa gạo quốc gia? - Đúng vậy, các hiệp hội này cần phát huy hơn nữa vai trò của mình trong việc xây dựng sức mạnh tập thể cho ngành hàng. Qua sự việc này, hai hiệp hội phải họp lại với các thành viên của mình với sự tham gia của cơ quan quản lý nhà nước có liên quan để khắc phục những hiện tượng như vậy. Đồng thời để thảo luận, tìm ra những giải pháp để phát triển ngành hàng lúa gạo bền vững, đảm bảo lợi ích ba bên nông dân, doanh nghiệp và hình ảnh ngành hàng lúa gạo Việt Nam. Bên cạnh đó, hiệp hội cần cân nhắc đưa ra thông tin ở các mức độ khác nhau làm sao phù hợp với tổng thể chung của ngành hàng lúa gạo Việt Nam để đảm bảo tính minh bạch nhưng cũng đảm bảo quyền lợi và định hướng chung của ngành hàng. Đối với các doanh nghiệp xuất khẩu gạo thì phải tuân thủ những quy định của Việt Nam trong vấn đề xuất khẩu gạo cũng như tuân thủ quy định của WTO và đảm bảo quyền lợi nông dân và quyền lợi khách hàng.",04/06/2024 17:19 GMT+7,https://tuoitre.vn/cuc-truong-cuc-trong-trot-noi-ve-viec-doanh-nghiep-bo-thau-gao-xuat-khau-gia-thap-20240604165619355.htm,"“Xuất khẩu gạo không phải đơn thuần chỉ là hình ảnh hạt gạo một doanh nghiệp mà là hạt gạo của ngành hàng lúa gạo Việt Nam đưa ra thị trường quốc tế, do vậy hiệp hội, các doanh nghiệp phải ý thức được vấn đề này”."
"Thu thuế từ Facebook, TikTok... được 15.600 tỉ đồng, bộ trưởng Bộ Tài chính hé lộ việc quản lý thuế","Chiều 4-6 tại phiên chất vấn và trả lời chất vấn của bộ trưởng Bộ Công Thương, Bộ trưởng Bộ Tài chính Hồ Đức Phớc đã thông tin thêm về việc thu thuế và quản lý sàn thương mại điện tử, bán hàng qua mạng. Theo Bộ trưởng Phớc, thời gian qua, Bộ Tài chính đã thực hiện quyết liệt thu thuế sàn thương mại điện tử. Tăng cường tuyên truyền, hướng dẫn người nộp thuế và thực hiện mở cổng thông tin điện tử của sàn thương mại điện tử xuyên biên giới. Đặc biệt, bộ cũng phối hợp quyết liệt với các bộ ngành liên quan như Bộ Công Thương, Thông tin và Truyền thông, Ngân hàng Nhà nước, Bộ Công an. Cụ thể, kết nối cơ sở dữ liệu dân cư (hơn 71,37%), với 663.157 lượt kết nối do Bộ Công an quản lý. Chia sẻ với Bộ Công Thương 929 sàn thương mại điện tử, kiểm tra đối chiếu 361 sàn thương mại điện tử để thực hiện kết nối. Bộ cũng cung cấp cho Ngân hàng Nhà nước 144 triệu tài khoản, gồm 10 triệu tài khoản tổ chức và 134 triệu tài khoản cá nhân tại 96 ngân hàng. Kết quả theo ông Phớc, năm 2022 đã thu được 83.000 tỉ đồng, năm 2023 là 97.000 tỉ đồng và 5 tháng đầu năm nay đã thu được là 50.000 tỉ đồng. Đặc biệt đã có 96 nhà cung cấp nước ngoài, tập đoàn công nghệ nước ngoài như Facebook, Google, Microsoft, Tik Tok… thực hiện đăng ký và nộp thuế trên cổng thông tin điện tử của Bộ Tài chính về sàn thương mại xuyên biên giới. Các đơn vị này đã nộp được 15.600 tỉ đồng về thuế thương mại điện tử. ""Sắp tới chúng tôi sẽ đẩy mạnh đồng bộ thu thuế sàn thương mại điện tử, giao dịch ở môi trường điện tử, trọng tâm tại Hà Nội và TP.HCM. Ngành thuế cũng có công văn tới các tỉnh chỉ đạo cơ quan thuế thực hiện thu thuế trên sàn thương mại điện tử, đảm bảo thực hiện nghĩa vụ với Nhà nước"" - ông Phớc nói. Với vấn đề xuất nhập khẩu, ông Phớc cho biết đã chỉ đạo thực hiện hải quan thông minh. Đẩy mạnh thủ tục hải quan điện tử 24/7, thanh toán điện tử 100%, kết nối trao đổi thông tin với 19 ngân hàng thương mại và nộp thuế điện tử, thực hiện chống buôn lậu và thông quan thuận lợi nhất cho doanh nghiệp. Với hệ thống công nghệ thông tin, bộ trưởng cho biết đã đào tạo cán bộ hải quan 6 tháng về công nghệ thông tin với trên 10.000 cán bộ, quản lý theo hình thức điện tử. Từ đó thực hiện thông quan, xuất nhập khẩu năm 2023 là 683 tỉ và 5 tháng đầu năm xuất nhập khẩu là 305 tỉ, nhờ đẩy mạnh ứng dụng công nghệ thông tin, hải quan, tạo thuận lợi cho doanh nghiệp.",04/06/2024 17:04 GMT+7,https://tuoitre.vn/thu-thue-tu-facebook-tik-tok-duoc-15-600-ti-dong-bo-truong-tai-chinh-he-lo-viec-quan-ly-thue-20240604164211681.htm,"Bộ trưởng Bộ Tài chính khẳng định sẽ đẩy mạnh đồng bộ thu thuế sàn thương mại điện tử, giao dịch ở môi trường điện tử, trọng tâm tại Hà Nội và TP.HCM."
Chủ tịch UBND TP.HCM yêu cầu SJC tăng năng lực sản xuất vàng miếng với khối lượng lớn,"UBND TP.HCM vừa có văn bản chỉ đạo Sở Tài chính, Sở Kế hoạch và Đầu tư, Ngân hàng Nhà nước chi nhánh TP.HCM và Công ty TNHH MTV Vàng bạc đá quý Sài Gòn (SJC) về đảm bảo gia công vàng miếng SJC cho Ngân hàng Nhà nước. Theo đó, Chủ tịch UBND TP.HCM Phan Văn Mãi yêu cầu Công ty SJC huy động năng lực, đáp ứng yêu cầu sản xuất vàng miếng SJC của Ngân hàng Nhà nước với khối lượng lớn, để phục vụ việc can thiệp bình ổn thị trường theo chỉ đạo của Chính phủ và Thủ tướng Chính phủ. Đồng thời tổ chức tốt hoạt động kinh doanh, đảm bảo hoạt động kinh doanh được thực hiện liên tục. Trong quá trình thực hiện, nếu phát sinh khó khăn vướng mắc về kế hoạch tài chính, kế hoạch sản xuất kinh doanh, kế hoạch sản xuất vàng miếng SJC, kịp thời báo cáo UBND TP.HCM để được xem xét, chỉ đạo giải quyết. Sở Tài chính, Sở Kế hoạch và Đầu tư, Ngân hàng Nhà nước chi nhánh TP.HCM có trách nhiệm theo dõi, hỗ trợ Công ty SJC trong việc tham gia ổn định thị trường vàng.  ",04/06/2024 17:01 GMT+7,https://tuoitre.vn/chu-tich-ubnd-tp-hcm-yeu-cau-sjc-tang-nang-luc-san-xuat-vang-mieng-voi-khoi-luong-lon-20240604164122026.htm,"Chủ tịch UBND TP.HCM Phan Văn Mãi yêu cầu Công ty SJC huy động năng lực, đáp ứng yêu cầu sản xuất vàng miếng SJC của Ngân hàng Nhà nước với khối lượng lớn để bình ổn thị trường."
"SJC giới hạn mỗi khách được mua 1 lượng, mua vàng ở nhiều ngân hàng phải đăng ký trước","Giá vàng giảm sâu, nhiều người tranh thủ mua vàng Theo ghi nhận của Tuổi Trẻ Online, sáng nay, Công ty SJC treo bảng tạm ngưng giao dịch lúc 10h25 và mở cửa trở lại lúc 13h30. Nhưng từ trước 13h, hàng dài người đã xếp hàng trước giờ mở cửa chờ mua vàng. Một khách hàng cho hay đã điền thông tin và đặt cọc trước vào buổi sáng, nên anh ráng kiên nhẫn đội nắng chờ lấy vàng vào buổi chiều. Theo ghi nhận, sau khi trải qua vòng xếp hàng, vào bên trong sảnh, khách hàng sẽ lấy số thứ tự và chờ đến lượt giao dịch. Một khách hàng cùng vợ mua được 2 lượng vàng sau hơn 1 tiếng chờ đợi. Anh này cho biết hôm qua cũng mua được 2 lượng. ""Dự báo giá vàng giảm nên tôi tranh thủ mua để tích lũy"", anh nói. Do có quá nhiều khách hàng đến mua vàng, Công ty SJC giới hạn mỗi khách mua được 1 lượng vàng. Theo ghi nhận, chiều nay các ngân hàng chỉ bán vàng cho những khách hàng đã đăng ký vào buổi sáng hoặc hôm qua. Mua vàng ở ngân hàng phải đăng ký trước Tại Vietcombank chi nhánh TP.HCM (số 5 Công trường Mê Linh, quận 1), lúc 13h30 có rất đông khách hàng xếp hàng tại sảnh chờ gọi tên.  Đây là những khách hàng đã đăng ký mua vàng và thanh toán tiền từ buổi sáng và được hẹn chiều nay đến nhận vàng. Sau khi tập trung và được gọi tên, khách hàng lên tầng trên ký giấy nhận vàng. Những khách hàng mới đến chiều nay được hẹn lại vào sáng mai. Trong khi đó chiều nay Agribank cũng chủ yếu giao vàng cho những khách hàng đã đăng ký từ trước, có một khách hàng nhận 6 lượng vàng do đã đăng ký mua từ hôm qua. Theo ghi nhận của Tuổi Trẻ Online, dù được cảnh báo xu hướng giá vàng còn đi xuống nhưng nhiều người vẫn mua vào. Lý do là từ rất lâu giá vàng miếng SJC mới xuống dưới 79 triệu đồng/lượng. Nhiều khách hàng có tâm lý mua 1, 2 lượng tích trữ nên mức giá này theo họ đã hợp lý. Một số khác bị hiệu ứng tâm lý khi thấy nhiều người xếp hàng mua vàng nên cũng mua theo. Trong khi đó các chuyên gia cho rằng Ngân hàng Nhà nước nên tăng lượng vàng cung ứng mỗi ngày để khách hàng khi có nhu cầu lập tức được đáp ứng ngay. Thay vì phải đăng ký và chờ đợi như hiện tại. Một khi số lượng vàng được bán không giới hạn, yếu tố tâm lý sẽ được giải tỏa. Hơn 10h sáng nay, Ngân hàng Nhà nước công bố giá bán vàng cho 4 ngân hàng và Công ty SJC là 77,98 triệu đồng/lượng. Sau đó 4 ngân hàng và Công ty SJC đã công bố giá bán vàng miếng SJC ở mức 78,98 triệu đồng/lượng. So với giá ngày hôm qua, giá bán vàng của Ngân hàng Nhà nước hôm nay giảm thêm 1 triệu đồng/lượng. Giá vàng thế giới quay đầu giảm Chiều nay, giá vàng thế giới giảm sâu, còn 2.330 USD/ounce. Quy đổi theo tỉ giá niêm yết tại ngân hàng, giá vàng thế giới tương đương 71,5 triệu đồng/lượng. So với sáng nay, giá vàng thế giới đã giảm 21 USD/ounce (khoảng 654.000 đồng/lượng). Các chuyên gia dự báo nếu giá vàng thế giới tiếp tục duy trì đà giảm thì giá vàng miếng SJC sẽ tiếp tục giảm trong những ngày tới. Ngân hàng Nhà nước cũng cho biết để thực hiện chủ trương thu hẹp giá chênh vàng trong nước - thế giới, ngân hàng sẽ tiếp tục can thiệp để kéo giảm mức chênh lệch này. Người dân cần cân nhắc trước khi mua vàng. Để xem chi tiết diễn biến giá vàng hôm nay, mời bạn tham khảo TẠI ĐÂY. ",04/06/2024 16:56 GMT+7,https://tuoitre.vn/sjc-gioi-han-moi-khach-duoc-mua-1-luong-mua-vang-o-nhieu-ngan-hang-phai-dang-ky-truoc-20240604163846603.htm,"Mặc dù 13h30 Công ty SJC mới nhận khách, nhưng người dân đã xếp hàng dài chờ mua vàng từ trưa 4-6."
"Dự án 3.500 tỉ ở Quảng Ngãi, nhiều nhà thầu đã rút khỏi công trường","Chiều 4-6, lãnh đạo Ban quản lý dự án đầu tư xây dựng các công trình giao thông tỉnh Quảng Ngãi (chủ đầu tư đường Hoàng Sa - Dốc Sỏi) cho biết: ""So với số liệu báo cáo cách đây nửa tháng, đến nay giá trị thi công tại công trường của dự án này vẫn chưa đến 4 tỉ đồng. Dự án ì ạch, nguyên nhân chính thiếu cát ""Nguyên nhân xuất phát từ mặt bằng vướng, thiếu nguồn vật liệu khi 9 mỏ cát chỉ định thực hiện dự án vẫn chưa được cấp phép hoạt động. Khó khăn lớn nhất dẫn đến đình trệ thi công chính là vật liệu"", vị này nói. Trong những cuộc họp gần đây, việc ""tăng tốc"" dự án này được đưa ra bàn thảo. Vấn đề các mỏ vật liệu được nhắc đi nhắc lại nhiều lần. Nhưng vẫn chưa có hướng tháo gỡ nhanh chóng. Đơn vị thi công đề xuất phương án sử dụng bê tông tươi thương phẩm để thi công, trong lúc chờ 9 mỏ cát phục vụ dự án được cấp phép. Đây cũng là vấn đề nổ ra tranh cãi, khi UBND tỉnh cho rằng nếu phương án sử dụng bê tông thương phẩm thi công không đội giá thành và đáp ứng chất lượng công trình thì thực hiện. Còn phía chủ đầu tư vẫn ""lăn tăn"" việc sử dụng bê tông tươi không kiểm soát được nguồn cát. Nếu chẳng may nguồn cát không đáp ứng sẽ hư hỏng công trình. ""Hiện chủ đầu tư đang có văn bản trình UBND tỉnh cho phép sử dụng bê tông thương phẩm và kiểm soát lượng cát trộn bê tông. Tránh trường hợp cát không đáp ứng chất lượng trộn bê tông. Bởi nếu xảy ra hư hỏng sẽ trong tương lai xa, nên rất khó phát hiện"", đại diện chủ đầu tư nói. Theo ghi nhận, công trường dự án 3.500 tỉ đồng nhưng công trình vắng hoe, còn rất ít xe cơ giới và nhân công ở công trường. Vài điểm tập kết vật liệu để lâu ngày đã hoen gỉ. So với thời điểm đầu khởi công dự án, thậm chí số lượng thiết bị tập kết còn ít hơn. Chủ đầu tư cũng cho biết một số nhà thầu đã di chuyển thiết bị khỏi công trường. Trong cuộc họp gần đây, ông Trần Phước Hiền, phó chủ tịch UBND tỉnh Quảng Ngãi, chỉ đạo xử lý nghiêm nhà thầu tự ý rút khỏi công trường. Còn các giải pháp tăng tốc cho dự án chào mừng Đại hội Đảng bộ tỉnh này, ông Hiền yêu cầu chủ đầu tư quyết nhanh, xử lý theo thẩm quyền. Theo báo cáo của Sở Giao thông vận tải Quảng Ngãi (đơn vị được UBND tỉnh giao theo dõi tiến độ dự án), hiện dự án đường Hoàng Sa - Dốc Sỏi chậm tiến độ nghiêm trọng.  Mặt bằng mới bàn giao 15,5%, giá trị thi công đạt gần 4 tỉ đồng/2.350 tỉ đồng (tổng giá trị xây lắp) tương đương 0,17%. Tháo gỡ, tăng tốc công trình Ban Thường vụ Tỉnh ủy Quảng Ngãi cũng ""nóng ruột"" khi dự án ì ạch. Đích thân bà Bùi Thị Quỳnh Vân, bí thư Tỉnh ủy, đi kiểm tra công trình. Ban Thường vụ đã làm việc với Ban cán sự Đảng UBND tỉnh, tìm cách tháo gỡ những vướng mắc. Đồng thời, Tỉnh ủy Quảng Ngãi thành lập Ban chỉ đạo các công trình trọng điểm và giao cho ông Đặng Ngọc Huy, phó bí thư thường trực Tỉnh ủy, làm trưởng ban để phối hợp với UBND tỉnh tháo gỡ nhanh những khó khăn, đôn đốc tiến độ dự án.  Mỗi tháng ban này sẽ họp và báo cáo Ban Thường vụ Tỉnh ủy một lần về tiến độ các công trình, trong đó có đường Hoàng Sa - Dốc Sỏi. Dự án đường Hoàng Sa - Dốc Sỏi có tổng mức đầu tư 3.500 tỉ đồng, trong đó vốn trung ương 1.300 tỉ đồng. Năm 2024, vốn đã bố trí cho dự án là 420 tỉ đồng. Hiện Quảng Ngãi đang đề nghị trung ương bố trí thêm khoảng 600 tỉ đồng để thực hiện dự án.",04/06/2024 16:39 GMT+7,https://tuoitre.vn/du-an-3-500-ti-o-quang-ngai-nhieu-nha-thau-da-rut-khoi-cong-truong-20240604161401995.htm,"Dự án đường Hoàng Sa - Dốc Sỏi có tổng vốn 3.500 tỉ đồng, gần nửa năm khởi công, giá trị thi công chưa được 4 tỉ đồng. Quảng Ngãi tổ chức nhiều cuộc họp tháo gỡ."
Tiếp tục kê biên tài sản Công ty Lắp máy Miền Nam của đại gia Huy ‘máy nổ’,"Chi cục Thi hành án dân sự quận Liên Chiểu (Đà Nẵng) phối hợp cùng cơ quan chức năng liên quan vừa tiến hành cưỡng chế, kê biên tài sản đối với Công ty TNHH Thương mại và Dịch vụ lắp máy Miền Nam. Theo quyết định công nhận sự thỏa thuận của các đương sự tại tòa án thì công ty phải trả cho Agribank số tiền tạm tính là hơn 385 tỉ đồng và lãi phát sinh.  Nếu công ty không thực hiện hoặc thực hiện không đúng nghĩa vụ trả nợ ngay sau khi quyết định của tòa án có hiệu lực pháp luật, ngân hàng có quyền yêu cầu cơ quan thi hành án dân sự xử lý toàn bộ tài sản thế chấp của Công ty TNHH Thương mại và Dịch vụ lắp máy Miền Nam theo các hợp đồng thế chấp tài sản. Tài sản đưa ra cưỡng chế, kê biên bao gồm: Tài sản là nhà làm việc, kho thành phẩm, nhà sơn xe, nhà để xe, nhà vệ sinh công cộng, bể nước ngầm, tổng mặt bằng và hạ tầng kỹ thuật, kho nguyên liệu, nhà xử lý, cổng - nhà bảo vệ, nhà ăn nghỉ công nhân, các công trình phụ trợ khác gắn liền với đất thuê tại địa chỉ đường số 3 (Khu công nghiệp Hòa Khánh, Đà Nẵng, diện tích thuê đất 19.950m2, thời gian thuê đất 40 năm). Dây chuyền lắp ráp động cơ diesel công suất 350.000 máy các loại mỗi năm, tương đương 82 máy/giờ. Dây chuyền lắp ráp động cơ diesel và động cơ máy kéo tay, công suất 100.000 máy các loại/năm, tương đương 25 máy/giờ. Dây chuyền (nâng cấp thiết bị và thay đổi công nghệ) để lắp ráp động cơ diesel và dây chuyền lắp ráp máy phát điện. Công ty TNHH Thương mại và Dịch vụ lắp máy Miền Nam tự nguyện giao tài sản cho Chi cục Thi hành án dân sự để thi hành án. Còn theo ghi nhận, trụ sở Công ty TNHH Thương mại và Dịch vụ lắp máy Miền Nam tại địa chỉ trên đã ""cửa đóng then cài"" suốt thời gian qua. Các nhà xưởng, thiết bị máy móc… đã dừng hoạt động. Được biết, vào tháng 3, cơ quan chức năng cũng tiến hành cưỡng chế, kê biên một số tài sản tại đây. Theo tìm hiểu, tại Khu công nghiệp Hòa Khánh, ngoài tài sản ở đường số 3 thì công ty này còn có các tài sản thế chấp ngân hàng tại đường số 10. Trước đó, Agribank đã nhiều lần thông báo bán đấu giá khoản nợ của Công ty TNHH Thương mại và Dịch vụ lắp máy Miền Nam do ông Lê Bá Huy (còn gọi là Huy ""máy nổ"") là giám đốc. Trong đó có bất động sản là quyền sử dụng đất và tài sản gắn liền với đất tại 404 đường Điện Biên Phủ (Đà Nẵng), có tổng diện tích hơn 2.293m2. Khu đất này có nhà hàng Không Gian Xưa được nhiều người ở Đà Nẵng biết đến.",04/06/2024 16:24 GMT+7,https://tuoitre.vn/tiep-tuc-ke-bien-tai-san-cong-ty-lap-may-mien-nam-cua-dai-gia-huy-may-no-2024060416082129.htm,"Cơ quan chức năng vừa tiếp tục cưỡng chế, kê biên tài sản tại Công ty TNHH thương mại và dịch vụ lắp máy Miền Nam của đại gia Huy “máy nổ”."
"Xuất khẩu cá ngừ bứt phá nhưng cá tra, mực, bạch tuộc lại tuột nhẹ","Ngày 4-6, Tuổi Trẻ Online trao đổi với đại diện VASEP về bức tranh xuất khẩu thủy sản trong 5 tháng năm 2024. Đại diện VASEP cho rằng trong hoàn cảnh kinh tế toàn cầu khó khăn, căng thẳng trong vận chuyển hàng hóa, tàu thuyền… nhưng thủy sản vẫn mang về con số ""biết nói"". ""Đó là có tăng trưởng. Do người tiêu dùng giảm bớt chi tiêu song thủy sản là hàng thực phẩm thiết yếu nên vẫn còn có cơ hội tăng trưởng. Rồi doanh nghiệp xuất khẩu cũng tìm thị trường, tự tìm hướng đi mới để thích nghi với tình hình. Các thị trường lớn đã có tín hiệu hồi phục về nhu cầu và giá. Cả hai thị trường lớn nhất là Trung Quốc và Nhật Bản chuyển sang tăng nhập khẩu cua của Việt Nam nên có sự đột biến. Hơn nữa, các sản phẩm cua năm nay tăng hơn năm 2023. Vì thế, xuất khẩu cá ngừ và cua ghẹ tiếp tục bứt phá"", vị này nhận định. Các số liệu của VASEP cũng cho thấy hiện nay xuất khẩu vào 3 thị trường quan trọng của thủy sản là Trung Quốc, Mỹ, Nhật tăng ổn định khoảng 16%/mỗi thị trường. Trong 5 tháng, xuất khẩu cá ngừ đạt gần 397 triệu USD, tăng 6,5% so với cùng kỳ năm 2023. Bao gồm: cá ngừ đóng hộp, cá ngừ loin/phile đông lạnh, cá ngừ nguyên con đông lạnh Còn xuất khẩu cua ghẹ đạt 101 triệu USD, tăng 84%. Với cua sống, Trung Quốc là thị trường tiêu thụ lớn nhất; năm nay, mức tăng nhập khẩu gấp 11 lần so với cùng kỳ năm 2023. Còn cua tuyết, với các thành phần như: thịt cua tuyết, cua tuyết tách vỏ, càng cua tuyết và một phần nhỏ là cua đồng xay… lại hút thị trường Nhật Bản. Ngược lại, cá tra, mực, bạch tuộc bị tuột nhẹ mức tăng trưởng so với cùng kỳ. Xuất khẩu cá tra hết 5 tháng mang về gần 755 triệu USD, tăng nhẹ 3%; mực, bạch tuộc đạt 236 triệu USD, giảm gần 2% so với cùng kỳ năm ngoái.",04/06/2024 15:27 GMT+7,https://tuoitre.vn/xuat-khau-ca-ngu-but-pha-nhung-ca-tra-muc-bach-tuoc-lai-tuot-nhe-20240604143416498.htm,"Số liệu từ Hiệp hội Chế biến và xuất khẩu thủy sản Việt Nam (VASEP), 5 tháng năm nay, thủy sản xuất khẩu đạt 3,6 tỉ USD, tăng 6,5% so với cùng kỳ năm 2023. Nổi trội nhất là cá ngừ, cua ghẹ..."
Vietnam Post bị tấn công mã độc tống tiền,"Tổng công ty Bưu điện Việt Nam (Vietnam Post) thông tin, vào 3h10 sáng 4-6, hệ thống công nghệ thông tin của đơn vị đã bị tấn công bất hợp pháp bằng mã độc tống tiền (ransomware) gây ảnh hưởng trực tiếp đến việc thực hiện các hoạt động liên quan đến dịch vụ bưu chính chuyển phát. Các dịch vụ tài chính bưu chính, hành chính công và phân phối hàng hóa đến thời điểm này vẫn hoạt động bình thường. Ngay khi phát hiện sự cố, Tổng công ty Bưu điện Việt Nam đã kích hoạt kịch bản hành động, bám sát hướng dẫn của Cục An toàn thông tin (Bộ Thông tin và Truyền thông), trong đó có việc ngắt kết nối các hệ thống công nghệ thông tin để cô lập sự cố và bảo vệ dữ liệu. Do vậy, các website (có chứa vnpost.vn trong tên miền) và các ứng dụng liên quan sẽ tạm thời bị gián đoạn trong thời gian khắc phục sự cố. Tổng công ty Bưu điện Việt Nam gửi lời xin lỗi khách hàng và đối tác vì sự gián đoạn không mong muốn này. Đơn vị đang làm việc với các cơ quan chức năng và phối hợp với tập đoàn công nghệ thông tin hàng đầu Việt Nam để nỗ lực xử lý, khắc phục sự cố trong thời gian sớm nhất, đảm bảo tối đa quyền lợi khách hàng. Ransomware là hình thức tấn công mạng nguy hiểm bằng mã độc. Đây là hình thức tấn công ngày càng phổ biến, trở thành vấn nạn chung của các tổ chức, doanh nghiệp trên toàn cầu. Cuối tháng 3-2024, qua theo dõi, giám sát không gian mạng, Cục An toàn thông tin (Bộ Thông tin và Truyền thông) đã phát hiện xu hướng tấn công mạng, đặc biệt là tấn công mã hóa dữ liệu tống tiền (ransomware) tăng cao. Trong quý 1-2024, đã có hơn 150 triệu cảnh báo về nguy cơ bảo mật, phân tích và phát hiện 13.000 sự kiện liên quan đến mã độc ransomware trên các hệ thống thông tin. Trong đó, hệ thống công nghệ thông tin của một số doanh nghiệp lớn tại Việt Nam như VNDIRECT, PVOIL... cũng đã bị tấn công bằng ransomware, gây gián đoạn hoạt động. Các vụ tấn công không chỉ gây thiệt hại về vật chất, hình ảnh của doanh nghiệp mà còn ảnh hưởng đến hoạt động bảo đảm an toàn không gian mạng quốc gia. Để giảm thiếu tấn công mạng, Cục An toàn thông tin (Bộ Thông tin và Truyền thông) đã tăng cường rà soát, đánh giá, phát hiện lỗ hổng bảo mật trên hệ thống thông tin của cơ quan, tổ chức, doanh nghiệp; đồng thời yêu cầu các đơn vị thực hiện ""vá lỗi"" nhằm đảm bảo an toàn thông tin cho hệ thống theo đúng quy phạm pháp luật.",04/06/2024 14:53 GMT+7,https://tuoitre.vn/vietnam-post-bi-tan-cong-ma-doc-tong-tien-20240604144937571.htm,"Sáng 4-6, hệ thống công nghệ thông tin của Tổng công ty Bưu điện Việt Nam (Vietnam Post) đã bị tấn công bất hợp pháp bằng mã độc tống tiền (ransomware)."
Tổng giám đốc Mercedes-Benz Ai Cập nhận nhiệm vụ ở Việt Nam,"Kỳ vọng đổi mới của thị trường xe sang Việt Nam Ông Gerd Bitterlich hiện đang là tổng giám đốc Mercedes-Benz Ai Cập. Từ 1-7, ông Gerd Bitterlich tiếp quản vị trí trưởng khối marketing và sales kiêm tổng giám đốc Mercedes-Benz Việt Nam, thay thế tổng giám đốc hiện nay là ông Bradley Kelly. Lý do, ông Bradley Kelly sẽ kết thúc nhiệm kỳ tại Việt Nam vào ngày 30-6, sau 5 năm cống hiến. Trong nhiệm kỳ của ông Bradley Kelly, giai đoạn 2021-2022, Mercedes-Benz đã công bố đầu tư thêm 33 triệu USD để triển khai 6 công nghệ mới tại nhà máy lắp ráp xe ở TP.HCM. Trong khi đó, tân tổng giám đốc hãng xe Đức tại Việt Nam được hãng giới thiệu có 30 năm kinh nghiệm trong lĩnh vực kinh doanh và tiếp thị, tài chính và kiểm soát, hoạt động bán lẻ trực tiếp, phát triển nhà phân phối và phát triển kinh doanh. Trong suốt gần 3 năm làm việc tại Ai Cập, ông Gerd Bitterlich đã mang lại những thay đổi tích cực đáng kể cho thị trường tại đây. Trước năm 2007, ông đã giữ nhiều vị trí quản lý cấp cao tại trụ sở chính Mercedes-Benz toàn cầu và Ngân hàng Mercedes-Benz tại Stuttgart, Đức... Việc chuyển đổi quan trọng trong đội ngũ lãnh đạo cấp cao của Mercedes-Benz Việt Nam sắp tới được đánh giá mở ra những đổi mới của hãng xe Đức tại thị trường ô tô Việt Nam.",04/06/2024 14:06 GMT+7,https://tuoitre.vn/tong-giam-doc-mercedes-benz-ai-cap-nhan-nhiem-vu-o-viet-nam-2024060413373499.htm,"Ngày 4-6, Hãng Mercedes-Benz Việt Nam thông tin sẽ có chuyển biến nhân sự cấp cao. Ông Gerd Bitterlich - tổng giám đốc Mercedes-Benz Ai Cập - sẽ nhận vị trí lãnh đạo hãng tại thị trường Việt Nam."
